Dataset,Acc_mean,Acc_std,F1_mean,F1_std,tstNum_mean,tstNum_std,Checkpoint,Sparsity,Repeat
arxiv,0.5290208423348353,0.0,0.30515764554301195,0.0,48603.0,0.0,pretrain_link1,0.0,1
cora,0.5641476274165202,0.0,0.5026491717235261,0.0,3414.0,0.0,pretrain_link1,0.0,1
home,0.6511746680286006,0.0,0.4484305917765625,0.0,1958.0,0.0,pretrain_link1,0.0,1
pubmed,0.6374239350912779,0.0,0.6179331641401551,0.0,3944.0,0.0,pretrain_link1,0.0,1
tech,0.8372338182584862,0.0,0.7389713734539248,0.0,9486.0,0.0,pretrain_link1,0.0,1
OVERALL,0.5840664639121727,0.0,0.3986745681365231,0.0,,,pretrain_link1,0.0,1
arxiv,0.4936115054626258,0.0,0.297199024829289,0.0,48603.0,0.0,pretrain_link1,0.0,2
cora,0.6171646162858817,0.0,0.5624113172853807,0.0,3414.0,0.0,pretrain_link1,0.0,2
home,0.6981613891726252,0.0,0.4791147100277202,0.0,1958.0,0.0,pretrain_link1,0.0,2
pubmed,0.606237322515213,0.0,0.57717931061431,0.0,3944.0,0.0,pretrain_link1,0.0,2
tech,0.7877925363693865,0.0,0.6112579388264143,0.0,9486.0,0.0,pretrain_link1,0.0,2
OVERALL,0.5538016467621096,0.0,0.37649626959416516,0.0,,,pretrain_link1,0.0,2
arxiv,0.486286854720902,0.0,0.3038989192424538,0.0,48603.0,0.0,pretrain_link1,0.0,3
cora,0.6101347393087287,0.0,0.5590114085053681,0.0,3414.0,0.0,pretrain_link1,0.0,3
home,0.7267620020429009,0.0,0.5802673631706697,0.0,1958.0,0.0,pretrain_link1,0.0,3
pubmed,0.7337728194726166,0.0,0.7254136971446735,0.0,3944.0,0.0,pretrain_link1,0.0,3
tech,0.8980602993885727,0.0,0.8171629381515811,0.0,9486.0,0.0,pretrain_link1,0.0,3
OVERALL,0.5719753727468289,0.0,0.4217441861955489,0.0,,,pretrain_link1,0.0,3
arxiv,0.4813077382054606,0.0,0.28374229839676895,0.0,48603.0,0.0,pretrain_link1,0.0,4
cora,0.6180433509080258,0.0,0.5611626341521175,0.0,3414.0,0.0,pretrain_link1,0.0,4
home,0.627170582226762,0.0,0.37881379258003106,0.0,1958.0,0.0,pretrain_link1,0.0,4
pubmed,0.7796653144016227,0.0,0.7708100109520357,0.0,3944.0,0.0,pretrain_link1,0.0,4
tech,0.722011385199241,0.0,0.5802845851785364,0.0,9486.0,0.0,pretrain_link1,0.0,4
OVERALL,0.5438023885468437,0.0,0.3707871497076421,0.0,,,pretrain_link1,0.0,4
arxiv,0.5294529144291504,0.0,0.3041463182274893,0.0,48603.0,0.0,pretrain_link1,0.0,5
cora,0.5413005272407733,0.0,0.49879756172800266,0.0,3414.0,0.0,pretrain_link1,0.0,5
home,0.710929519918284,0.0,0.5091789283685084,0.0,1958.0,0.0,pretrain_link1,0.0,5
pubmed,0.5676977687626775,0.0,0.54470055690001,0.0,3944.0,0.0,pretrain_link1,0.0,5
tech,0.9279991566519081,0.0,0.8803822515640031,0.0,9486.0,0.0,pretrain_link1,0.0,5
OVERALL,0.5936503226763593,0.0,0.415130862058384,0.0,,,pretrain_link1,0.0,5
arxiv,0.49593646482727405,0.0,0.2885015419595831,0.0,48603.0,0.0,pretrain_link1,0.0,6
cora,0.6159929701230229,0.0,0.5588915563427216,0.0,3414.0,0.0,pretrain_link1,0.0,6
home,0.643003064351379,0.0,0.48900449531817236,0.0,1958.0,0.0,pretrain_link1,0.0,6
pubmed,0.7459432048681541,0.0,0.7129795835939436,0.0,3944.0,0.0,pretrain_link1,0.0,6
tech,0.5994096563356526,0.0,0.3303141614871822,0.0,9486.0,0.0,pretrain_link1,0.0,6
OVERALL,0.5354795638305764,0.0,0.33874220951873857,0.0,,,pretrain_link1,0.0,6
arxiv,0.46200851799271647,0.0,0.3028948656379812,0.0,48603.0,0.0,pretrain_link1,0.0,7
cora,0.6072056239015817,0.0,0.5570003823414623,0.0,3414.0,0.0,pretrain_link1,0.0,7
home,0.6251276813074566,0.0,0.3177439031696731,0.0,1958.0,0.0,pretrain_link1,0.0,7
pubmed,0.64579107505071,0.0,0.607160406306428,0.0,3944.0,0.0,pretrain_link1,0.0,7
tech,0.9017499472907442,0.0,0.8206217273653684,0.0,9486.0,0.0,pretrain_link1,0.0,7
OVERALL,0.5467398560937616,0.0,0.40686001588284565,0.0,,,pretrain_link1,0.0,7
arxiv,0.4764314959981894,0.0,0.289035714333263,0.0,48603.0,0.0,pretrain_link1,0.0,8
cora,0.5606326889279437,0.0,0.5090912649484793,0.0,3414.0,0.0,pretrain_link1,0.0,8
home,0.7328907048008172,0.0,0.5590111226098291,0.0,1958.0,0.0,pretrain_link1,0.0,8
pubmed,0.7494929006085193,0.0,0.7268858256247057,0.0,3944.0,0.0,pretrain_link1,0.0,8
tech,0.7663925785367911,0.0,0.5746391393596659,0.0,9486.0,0.0,pretrain_link1,0.0,8
OVERALL,0.5449299013426304,0.0,0.3738364921381703,0.0,,,pretrain_link1,0.0,8
arxiv,0.5134250972162212,0.0,0.31768442760944315,0.0,48603.0,0.0,pretrain_link1,0.0,9
cora,0.6157000585823081,0.0,0.5556895374070703,0.0,3414.0,0.0,pretrain_link1,0.0,9
home,0.6149131767109295,0.0,0.4854309575434753,0.0,1958.0,0.0,pretrain_link1,0.0,9
pubmed,0.6110547667342799,0.0,0.5763528922565141,0.0,3944.0,0.0,pretrain_link1,0.0,9
tech,0.926944971537002,0.0,0.8823076083495053,0.0,9486.0,0.0,pretrain_link1,0.0,9
OVERALL,0.5854610192122246,0.0,0.4292073275060118,0.0,,,pretrain_link1,0.0,9
arxiv,0.5015945517766393,0.0,0.3102932843792931,0.0,48603.0,0.0,pretrain_link1,0.0,10
cora,0.6072056239015817,0.0,0.5555897464849201,0.0,3414.0,0.0,pretrain_link1,0.0,10
home,0.6332992849846782,0.0,0.44716397080451015,0.0,1958.0,0.0,pretrain_link1,0.0,10
pubmed,0.7421399594320487,0.0,0.7230775124417032,0.0,3944.0,0.0,pretrain_link1,0.0,10
tech,0.940438541007801,0.0,0.8869393184580021,0.0,9486.0,0.0,pretrain_link1,0.0,10
OVERALL,0.5866033677026927,0.0,0.431998205385123,0.0,,,pretrain_link1,0.0,10
arxiv,0.4914511449910499,0.0,0.30105561640451084,0.0,48603.0,0.0,pretrain_link1,10.0,1
cora,0.6177504393673111,0.0,0.5579347788987257,0.0,3414.0,0.0,pretrain_link1,10.0,1
home,0.5582226762002043,0.0,0.36955513458025785,0.0,1958.0,0.0,pretrain_link1,10.0,1
pubmed,0.7626774847870182,0.0,0.7469999109993305,0.0,3944.0,0.0,pretrain_link1,10.0,1
tech,0.9449715370018975,0.0,0.8846347862488004,0.0,9486.0,0.0,pretrain_link1,10.0,1
OVERALL,0.5794822342556191,0.0,0.4242770958254479,0.0,,,pretrain_link1,10.0,1
arxiv,0.5220459642408904,0.0,0.30953125624475775,0.0,48603.0,0.0,pretrain_link1,10.0,2
cora,0.6192149970708846,0.0,0.5664124341666096,0.0,3414.0,0.0,pretrain_link1,10.0,2
home,0.5704800817160368,0.0,0.37613946107996804,0.0,1958.0,0.0,pretrain_link1,10.0,2
pubmed,0.672920892494929,0.0,0.6279813110957332,0.0,3944.0,0.0,pretrain_link1,10.0,2
tech,0.9348513598987982,0.0,0.8544003093501767,0.0,9486.0,0.0,pretrain_link1,10.0,2
OVERALL,0.5952970847859951,0.0,0.41979022902990415,0.0,,,pretrain_link1,10.0,2
arxiv,0.5175606444046664,0.0,0.3058905899615089,0.0,48603.0,0.0,pretrain_link1,10.0,3
cora,0.6186291739894552,0.0,0.5568505896632012,0.0,3414.0,0.0,pretrain_link1,10.0,3
home,0.5551583248212462,0.0,0.3794956779427444,0.0,1958.0,0.0,pretrain_link1,10.0,3
pubmed,0.7112068965517241,0.0,0.6371006653314967,0.0,3944.0,0.0,pretrain_link1,10.0,3
tech,0.7921146953405018,0.0,0.7081597654467338,0.0,9486.0,0.0,pretrain_link1,10.0,3
OVERALL,0.5737408204139158,0.0,0.39673124179981334,0.0,,,pretrain_link1,10.0,3
arxiv,0.5190626093039524,0.0,0.30624382967259145,0.0,48603.0,0.0,pretrain_link1,10.0,4
cora,0.6025190392501465,0.0,0.5515038302042511,0.0,3414.0,0.0,pretrain_link1,10.0,4
home,0.7466802860061287,0.0,0.4915547048368277,0.0,1958.0,0.0,pretrain_link1,10.0,4
pubmed,0.712474645030426,0.0,0.6600480083597123,0.0,3944.0,0.0,pretrain_link1,10.0,4
tech,0.9653173097195867,0.0,0.930817163137528,0.0,9486.0,0.0,pretrain_link1,10.0,4
OVERALL,0.6040204732586604,0.0,0.43264784506280074,0.0,,,pretrain_link1,10.0,4
arxiv,0.4809785404193157,0.0,0.2988935648272174,0.0,48603.0,0.0,pretrain_link1,10.0,5
cora,0.5978324545987111,0.0,0.5425379928442828,0.0,3414.0,0.0,pretrain_link1,10.0,5
home,0.6470888661899897,0.0,0.37248014786790273,0.0,1958.0,0.0,pretrain_link1,10.0,5
pubmed,0.765973630831643,0.0,0.7586412383533828,0.0,3944.0,0.0,pretrain_link1,10.0,5
tech,0.5708412397216951,0.0,0.2422656197570633,0.0,9486.0,0.0,pretrain_link1,10.0,5
OVERALL,0.5210444329055708,0.0,0.33230290752131486,0.0,,,pretrain_link1,10.0,5
arxiv,0.4648684237598502,0.0,0.2863360459092621,0.0,48603.0,0.0,pretrain_link1,10.0,6
cora,0.6110134739308729,0.0,0.5526418129645232,0.0,3414.0,0.0,pretrain_link1,10.0,6
home,0.5806945863125639,0.0,0.4158958583201816,0.0,1958.0,0.0,pretrain_link1,10.0,6
pubmed,0.6138438133874239,0.0,0.5429996073755609,0.0,3944.0,0.0,pretrain_link1,10.0,6
tech,0.9188277461522243,0.0,0.8758135885855122,0.0,9486.0,0.0,pretrain_link1,10.0,6
OVERALL,0.5482382612565834,0.0,0.4015635669785779,0.0,,,pretrain_link1,10.0,6
arxiv,0.5124580787194206,0.0,0.3015651588588491,0.0,48603.0,0.0,pretrain_link1,10.0,7
cora,0.5579964850615114,0.0,0.5017530943065005,0.0,3414.0,0.0,pretrain_link1,10.0,7
home,0.6276813074565883,0.0,0.488663129569189,0.0,1958.0,0.0,pretrain_link1,10.0,7
pubmed,0.5867139959432048,0.0,0.5315718949870029,0.0,3944.0,0.0,pretrain_link1,10.0,7
tech,0.8538899430740038,0.0,0.8037209180757113,0.0,9486.0,0.0,pretrain_link1,10.0,7
OVERALL,0.57050663897337,0.0,0.4012665984774193,0.0,,,pretrain_link1,10.0,7
arxiv,0.5027261691665124,0.0,0.29387638201469823,0.0,48603.0,0.0,pretrain_link1,10.0,8
cora,0.6162858816637375,0.0,0.5669376376343482,0.0,3414.0,0.0,pretrain_link1,10.0,8
home,0.5786516853932584,0.0,0.39388763742760247,0.0,1958.0,0.0,pretrain_link1,10.0,8
pubmed,0.6166328600405679,0.0,0.5899472921384926,0.0,3944.0,0.0,pretrain_link1,10.0,8
tech,0.9321104786000421,0.0,0.8542274499483541,0.0,9486.0,0.0,pretrain_link1,10.0,8
OVERALL,0.5777761293672576,0.0,0.40679451961177343,0.0,,,pretrain_link1,10.0,8
arxiv,0.507396662757443,0.0,0.31450053170601144,0.0,48603.0,0.0,pretrain_link1,10.0,9
cora,0.6195079086115993,0.0,0.5622270082731857,0.0,3414.0,0.0,pretrain_link1,10.0,9
home,0.5970377936670072,0.0,0.39167745554539596,0.0,1958.0,0.0,pretrain_link1,10.0,9
pubmed,0.5948275862068966,0.0,0.5832348364517606,0.0,3944.0,0.0,pretrain_link1,10.0,9
tech,0.9193548387096774,0.0,0.8403372422924201,0.0,9486.0,0.0,pretrain_link1,10.0,9
OVERALL,0.5787701209109116,0.0,0.4190154155042127,0.0,,,pretrain_link1,10.0,9
arxiv,0.5014711026068349,0.0,0.30459817716111703,0.0,48603.0,0.0,pretrain_link1,10.0,10
cora,0.6107205623901582,0.0,0.558307245031143,0.0,3414.0,0.0,pretrain_link1,10.0,10
home,0.5377936670071501,0.0,0.46235776702466547,0.0,1958.0,0.0,pretrain_link1,10.0,10
pubmed,0.6424949290060852,0.0,0.637970229365468,0.0,3944.0,0.0,pretrain_link1,10.0,10
tech,0.8731815306767868,0.0,0.7775418908400901,0.0,9486.0,0.0,pretrain_link1,10.0,10
OVERALL,0.5686225057488317,0.0,0.408095239345136,0.0,,,pretrain_link1,10.0,10
arxiv,0.4980351007139477,0.0,0.32808881389986294,0.0,48603.0,0.0,pretrain_link1,20.0,1
cora,0.624780316344464,0.0,0.5681290947809982,0.0,3414.0,0.0,pretrain_link1,20.0,1
home,0.6205311542390194,0.0,0.34059083921694444,0.0,1958.0,0.0,pretrain_link1,20.0,1
pubmed,0.6138438133874239,0.0,0.5471520873398165,0.0,3944.0,0.0,pretrain_link1,20.0,1
tech,0.5726333544170357,0.0,0.24583021051480705,0.0,9486.0,0.0,pretrain_link1,20.0,1
OVERALL,0.5252874415844522,0.0,0.34185124878207607,0.0,,,pretrain_link1,20.0,1
arxiv,0.5080139086064647,0.0,0.3157414067406742,0.0,48603.0,0.0,pretrain_link1,20.0,2
cora,0.6250732278851787,0.0,0.5656696993937648,0.0,3414.0,0.0,pretrain_link1,20.0,2
home,0.6261491317671093,0.0,0.3974129148173894,0.0,1958.0,0.0,pretrain_link1,20.0,2
pubmed,0.7647058823529411,0.0,0.7493320646846469,0.0,3944.0,0.0,pretrain_link1,20.0,2
tech,0.7099936748893105,0.0,0.6253052914340461,0.0,9486.0,0.0,pretrain_link1,20.0,2
OVERALL,0.5608189303464135,0.0,0.3997080645414933,0.0,,,pretrain_link1,20.0,2
arxiv,0.48248050531860176,0.0,0.2972944186253265,0.0,48603.0,0.0,pretrain_link1,20.0,3
cora,0.6171646162858817,0.0,0.555066199489733,0.0,3414.0,0.0,pretrain_link1,20.0,3
home,0.5572012257405515,0.0,0.3454831469969323,0.0,1958.0,0.0,pretrain_link1,20.0,3
pubmed,0.646551724137931,0.0,0.5275435740528172,0.0,3944.0,0.0,pretrain_link1,20.0,3
tech,0.9437065148640101,0.0,0.9012627046261567,0.0,9486.0,0.0,pretrain_link1,20.0,3
OVERALL,0.5659817520955419,0.0,0.41021975383833126,0.0,,,pretrain_link1,20.0,3
arxiv,0.4976647532045347,0.0,0.30775615423742586,0.0,48603.0,0.0,pretrain_link1,20.0,4
cora,0.6265377855887522,0.0,0.557955746330985,0.0,3414.0,0.0,pretrain_link1,20.0,4
home,0.6210418794688458,0.0,0.4611836022255812,0.0,1958.0,0.0,pretrain_link1,20.0,4
pubmed,0.6810344827586207,0.0,0.577251031766823,0.0,3944.0,0.0,pretrain_link1,20.0,4
tech,0.9276829011174362,0.0,0.8741848950047086,0.0,9486.0,0.0,pretrain_link1,20.0,4
OVERALL,0.5790223277204956,0.0,0.4203683222140242,0.0,,,pretrain_link1,20.0,4
arxiv,0.5079933337448306,0.0,0.3163581615427783,0.0,48603.0,0.0,pretrain_link1,20.0,5
cora,0.6165787932044523,0.0,0.5562010409084712,0.0,3414.0,0.0,pretrain_link1,20.0,5
home,0.7957099080694586,0.0,0.6416937594867844,0.0,1958.0,0.0,pretrain_link1,20.0,5
pubmed,0.6303245436105477,0.0,0.5233404229516059,0.0,3944.0,0.0,pretrain_link1,20.0,5
tech,0.8577904279991566,0.0,0.772683613338545,0.0,9486.0,0.0,pretrain_link1,20.0,5
OVERALL,0.5782360359023812,0.0,0.41428668265634405,0.0,,,pretrain_link1,20.0,5
arxiv,0.49056642594078553,0.0,0.2991679961974284,0.0,48603.0,0.0,pretrain_link1,20.0,6
cora,0.5661980082015231,0.0,0.5119234166695944,0.0,3414.0,0.0,pretrain_link1,20.0,6
home,0.6573033707865169,0.0,0.47063110467510816,0.0,1958.0,0.0,pretrain_link1,20.0,6
pubmed,0.7593813387423936,0.0,0.7525269055694933,0.0,3944.0,0.0,pretrain_link1,20.0,6
tech,0.9343242673413451,0.0,0.8719094604107708,0.0,9486.0,0.0,pretrain_link1,20.0,6
OVERALL,0.5774200726949039,0.0,0.4220542040452507,0.0,,,pretrain_link1,20.0,6
arxiv,0.5023558216570994,0.0,0.3149010390030148,0.0,48603.0,0.0,pretrain_link1,20.0,7
cora,0.6139425893380199,0.0,0.5519937876733696,0.0,3414.0,0.0,pretrain_link1,20.0,7
home,0.5771195097037793,0.0,0.3640034343407531,0.0,1958.0,0.0,pretrain_link1,20.0,7
pubmed,0.7492393509127789,0.0,0.7136678263842137,0.0,3944.0,0.0,pretrain_link1,20.0,7
tech,0.8484081804764917,0.0,0.7364277188228764,0.0,9486.0,0.0,pretrain_link1,20.0,7
OVERALL,0.5733254209628366,0.0,0.4109905787735739,0.0,,,pretrain_link1,20.0,7
arxiv,0.48472316523671377,0.0,0.2906197813433325,0.0,48603.0,0.0,pretrain_link1,20.0,8
cora,0.619800820152314,0.0,0.5606829439524418,0.0,3414.0,0.0,pretrain_link1,20.0,8
home,0.5985699693564862,0.0,0.40258802588452747,0.0,1958.0,0.0,pretrain_link1,20.0,8
pubmed,0.7672413793103449,0.0,0.7510308848642238,0.0,3944.0,0.0,pretrain_link1,20.0,8
tech,0.967741935483871,0.0,0.9256896805361058,0.0,9486.0,0.0,pretrain_link1,20.0,8
OVERALL,0.5793783843928492,0.0,0.42386455422350755,0.0,,,pretrain_link1,20.0,8
arxiv,0.4772750653251857,0.0,0.3029398472224699,0.0,48603.0,0.0,pretrain_link1,20.0,9
cora,0.6048623315758641,0.0,0.5524797188712499,0.0,3414.0,0.0,pretrain_link1,20.0,9
home,0.5776302349336058,0.0,0.35559848667646515,0.0,1958.0,0.0,pretrain_link1,20.0,9
pubmed,0.6239858012170385,0.0,0.5748428818037684,0.0,3944.0,0.0,pretrain_link1,20.0,9
tech,0.9323213156230234,0.0,0.848581214339624,0.0,9486.0,0.0,pretrain_link1,20.0,9
OVERALL,0.5592760180995475,0.0,0.4098069092315467,0.0,,,pretrain_link1,20.0,9
arxiv,0.5088574779334609,0.0,0.3011521285326898,0.0,48603.0,0.0,pretrain_link1,20.0,10
cora,0.6189220855301699,0.0,0.5587983532156752,0.0,3414.0,0.0,pretrain_link1,20.0,10
home,0.6327885597548519,0.0,0.39668122385958415,0.0,1958.0,0.0,pretrain_link1,20.0,10
pubmed,0.6450304259634888,0.0,0.6298430904947987,0.0,3944.0,0.0,pretrain_link1,20.0,10
tech,0.9628926839553026,0.0,0.9048275988883426,0.0,9486.0,0.0,pretrain_link1,20.0,10
OVERALL,0.5898968919219643,0.0,0.4211650778018843,0.0,,,pretrain_link1,20.0,10
arxiv,0.5186305372096373,0.0,0.29495937414085377,0.0,48603.0,0.0,pretrain_link1,30.0,1
cora,0.6159929701230229,0.0,0.553045218684652,0.0,3414.0,0.0,pretrain_link1,30.0,1
home,0.5929519918283963,0.0,0.29702867249163567,0.0,1958.0,0.0,pretrain_link1,30.0,1
pubmed,0.7352941176470589,0.0,0.685203019856378,0.0,3944.0,0.0,pretrain_link1,30.0,1
tech,0.8484081804764917,0.0,0.7838109935570294,0.0,9486.0,0.0,pretrain_link1,30.0,1
OVERALL,0.5848082486462428,0.0,0.3997219905628881,0.0,,,pretrain_link1,30.0,1
arxiv,0.5015122523301031,0.0,0.3119837709454732,0.0,48603.0,0.0,pretrain_link1,30.0,2
cora,0.5626830697129467,0.0,0.5072431183205682,0.0,3414.0,0.0,pretrain_link1,30.0,2
home,0.5229826353421859,0.0,0.26728281742481835,0.0,1958.0,0.0,pretrain_link1,30.0,2
pubmed,0.7429006085192698,0.0,0.7016675771879713,0.0,3944.0,0.0,pretrain_link1,30.0,2
tech,0.9550917141049968,0.0,0.8657166432489145,0.0,9486.0,0.0,pretrain_link1,30.0,2
OVERALL,0.5831911579259699,0.0,0.4213037606114622,0.0,,,pretrain_link1,30.0,2
arxiv,0.5038989362796535,0.0,0.308547171256425,0.0,48603.0,0.0,pretrain_link1,30.0,3
cora,0.6154071470415935,0.0,0.5615745429486937,0.0,3414.0,0.0,pretrain_link1,30.0,3
home,0.6144024514811032,0.0,0.42488811065410526,0.0,1958.0,0.0,pretrain_link1,30.0,3
pubmed,0.7786511156186613,0.0,0.7685585483182663,0.0,3944.0,0.0,pretrain_link1,30.0,3
tech,0.9044908285895004,0.0,0.8189148900902911,0.0,9486.0,0.0,pretrain_link1,30.0,3
OVERALL,0.5852088124026408,0.0,0.4234832154413968,0.0,,,pretrain_link1,30.0,3
arxiv,0.4760199987655083,0.0,0.29614593555123286,0.0,48603.0,0.0,pretrain_link1,30.0,4
cora,0.6215582893966022,0.0,0.5633777542115864,0.0,3414.0,0.0,pretrain_link1,30.0,4
home,0.5740551583248212,0.0,0.3506321057141243,0.0,1958.0,0.0,pretrain_link1,30.0,4
pubmed,0.7733265720081136,0.0,0.7655149923251704,0.0,3944.0,0.0,pretrain_link1,30.0,4
tech,0.5724225173940544,0.0,0.2553434700742226,0.0,9486.0,0.0,pretrain_link1,30.0,4
OVERALL,0.5172019879830874,0.0,0.332985231189344,0.0,,,pretrain_link1,30.0,4
arxiv,0.498528897393165,0.0,0.29076618236144236,0.0,48603.0,0.0,pretrain_link1,30.0,5
cora,0.6256590509666081,0.0,0.5634254805281981,0.0,3414.0,0.0,pretrain_link1,30.0,5
home,0.5903983656792645,0.0,0.31531443607189036,0.0,1958.0,0.0,pretrain_link1,30.0,5
pubmed,0.7271805273833671,0.0,0.705257088110767,0.0,3944.0,0.0,pretrain_link1,30.0,5
tech,0.9391735188699135,0.0,0.8955687977181958,0.0,9486.0,0.0,pretrain_link1,30.0,5
OVERALL,0.5830279652844744,0.0,0.4146566069034772,0.0,,,pretrain_link1,30.0,5
arxiv,0.46507417237619075,0.0,0.2827394904408296,0.0,48603.0,0.0,pretrain_link1,30.0,6
cora,0.6200937316930287,0.0,0.5636661475308454,0.0,3414.0,0.0,pretrain_link1,30.0,6
home,0.6624106230847804,0.0,0.41555563710699744,0.0,1958.0,0.0,pretrain_link1,30.0,6
pubmed,0.7560851926977687,0.0,0.7334373278591504,0.0,3944.0,0.0,pretrain_link1,30.0,6
tech,0.9519291587602783,0.0,0.8724950978885412,0.0,9486.0,0.0,pretrain_link1,30.0,6
OVERALL,0.5642014687337734,0.0,0.41019459889724263,0.0,,,pretrain_link1,30.0,6
arxiv,0.508898627656729,0.0,0.32115041596502697,0.0,48603.0,0.0,pretrain_link1,30.0,7
cora,0.6291739894551845,0.0,0.5670437090660531,0.0,3414.0,0.0,pretrain_link1,30.0,7
home,0.5531154239019408,0.0,0.4096440367181867,0.0,1958.0,0.0,pretrain_link1,30.0,7
pubmed,0.6675963488843814,0.0,0.5903688957495797,0.0,3944.0,0.0,pretrain_link1,30.0,7
tech,0.6269238878347038,0.0,0.35729231060464656,0.0,9486.0,0.0,pretrain_link1,30.0,7
OVERALL,0.5421704621318894,0.0,0.357014074579422,0.0,,,pretrain_link1,30.0,7
arxiv,0.5132810731847829,0.0,0.3168697802012603,0.0,48603.0,0.0,pretrain_link1,30.0,8
cora,0.6183362624487405,0.0,0.5622090477882393,0.0,3414.0,0.0,pretrain_link1,30.0,8
home,0.6470888661899897,0.0,0.4745963159054466,0.0,1958.0,0.0,pretrain_link1,30.0,8
pubmed,0.6313387423935092,0.0,0.6176751768820422,0.0,3944.0,0.0,pretrain_link1,30.0,8
tech,0.9512966476913346,0.0,0.8936999399641864,0.0,9486.0,0.0,pretrain_link1,30.0,8
OVERALL,0.5910392404124323,0.0,0.43265650516930215,0.0,,,pretrain_link1,30.0,8
arxiv,0.4692714441495381,0.0,0.2921285074509523,0.0,48603.0,0.0,pretrain_link1,30.0,9
cora,0.6045694200351494,0.0,0.5476148946263873,0.0,3414.0,0.0,pretrain_link1,30.0,9
home,0.5980592441266599,0.0,0.4101565484740052,0.0,1958.0,0.0,pretrain_link1,30.0,9
pubmed,0.5753042596348884,0.0,0.4454229394788034,0.0,3944.0,0.0,pretrain_link1,30.0,9
tech,0.9553025511279781,0.0,0.9121643605099129,0.0,9486.0,0.0,pretrain_link1,30.0,9
OVERALL,0.5544692530227728,0.0,0.4047252402181834,0.0,,,pretrain_link1,30.0,9
arxiv,0.4711231816966031,0.0,0.30529830738539687,0.0,48603.0,0.0,pretrain_link1,30.0,10
cora,0.6001757469244289,0.0,0.546233059554342,0.0,3414.0,0.0,pretrain_link1,30.0,10
home,0.7512768130745658,0.0,0.5076445448532065,0.0,1958.0,0.0,pretrain_link1,30.0,10
pubmed,0.6371703853955375,0.0,0.5919712563913201,0.0,3944.0,0.0,pretrain_link1,30.0,10
tech,0.942652329749104,0.0,0.8735363247247984,0.0,9486.0,0.0,pretrain_link1,30.0,10
OVERALL,0.5618722646687931,0.0,0.42012197210207475,0.0,,,pretrain_link1,30.0,10
arxiv,0.49457852395942636,0.0,0.3049247171633172,0.0,48603.0,0.0,pretrain_link1,40.0,1
cora,0.6139425893380199,0.0,0.5602990388070821,0.0,3414.0,0.0,pretrain_link1,40.0,1
home,0.6818181818181818,0.0,0.5141952341303184,0.0,1958.0,0.0,pretrain_link1,40.0,1
pubmed,0.71526369168357,0.0,0.7108306861258544,0.0,3944.0,0.0,pretrain_link1,40.0,1
tech,0.9654227282310773,0.0,0.9063494957446139,0.0,9486.0,0.0,pretrain_link1,40.0,1
OVERALL,0.5852384837920036,0.0,0.4323278504252952,0.0,,,pretrain_link1,40.0,1
arxiv,0.5129107256753699,0.0,0.29069598697496946,0.0,48603.0,0.0,pretrain_link1,40.0,2
cora,0.6177504393673111,0.0,0.5612081709436592,0.0,3414.0,0.0,pretrain_link1,40.0,2
home,0.6455566905005107,0.0,0.4838534353270756,0.0,1958.0,0.0,pretrain_link1,40.0,2
pubmed,0.7365618661257607,0.0,0.7302285431942428,0.0,3944.0,0.0,pretrain_link1,40.0,2
tech,0.8877292852624921,0.0,0.7966265371008127,0.0,9486.0,0.0,pretrain_link1,40.0,2
OVERALL,0.5879089088346562,0.0,0.4069263034227863,0.0,,,pretrain_link1,40.0,2
arxiv,0.5265107092154805,0.0,0.31074622536400726,0.0,48603.0,0.0,pretrain_link1,40.0,3
cora,0.6250732278851787,0.0,0.5655213312655439,0.0,3414.0,0.0,pretrain_link1,40.0,3
home,0.6108273748723186,0.0,0.45233481063569575,0.0,1958.0,0.0,pretrain_link1,40.0,3
pubmed,0.697261663286004,0.0,0.6373153226839002,0.0,3944.0,0.0,pretrain_link1,40.0,3
tech,0.9644739616276619,0.0,0.9218005984780154,0.0,9486.0,0.0,pretrain_link1,40.0,3
OVERALL,0.6055782212002077,0.0,0.4328659934034546,0.0,,,pretrain_link1,40.0,3
arxiv,0.4838795959097175,0.0,0.29421033146837344,0.0,48603.0,0.0,pretrain_link1,40.0,4
cora,0.614821323960164,0.0,0.5581332544209142,0.0,3414.0,0.0,pretrain_link1,40.0,4
home,0.5188968335035751,0.0,0.3911452449464347,0.0,1958.0,0.0,pretrain_link1,40.0,4
pubmed,0.7730730223123732,0.0,0.7497529790940504,0.0,3944.0,0.0,pretrain_link1,40.0,4
tech,0.9308454564621548,0.0,0.8708173439153454,0.0,9486.0,0.0,pretrain_link1,40.0,4
OVERALL,0.5713522735702099,0.0,0.41819498753035195,0.0,,,pretrain_link1,40.0,4
arxiv,0.49717095652531734,0.0,0.29990721872045606,0.0,48603.0,0.0,pretrain_link1,40.0,5
cora,0.6145284124194493,0.0,0.5628253272916307,0.0,3414.0,0.0,pretrain_link1,40.0,5
home,0.59244126659857,0.0,0.4386029284298534,0.0,1958.0,0.0,pretrain_link1,40.0,5
pubmed,0.640973630831643,0.0,0.6246838129332208,0.0,3944.0,0.0,pretrain_link1,40.0,5
tech,0.9236769976807927,0.0,0.8419922800983975,0.0,9486.0,0.0,pretrain_link1,40.0,5
OVERALL,0.5743194125064907,0.0,0.4125443584293692,0.0,,,pretrain_link1,40.0,5
arxiv,0.47330411702981295,0.0,0.2808220781107938,0.0,48603.0,0.0,pretrain_link1,40.0,6
cora,0.6063268892794376,0.0,0.5569354878973015,0.0,3414.0,0.0,pretrain_link1,40.0,6
home,0.6567926455566905,0.0,0.4336041131041249,0.0,1958.0,0.0,pretrain_link1,40.0,6
pubmed,0.6087728194726166,0.0,0.5598712073860036,0.0,3944.0,0.0,pretrain_link1,40.0,6
tech,0.9510858106683534,0.0,0.9057876426074971,0.0,9486.0,0.0,pretrain_link1,40.0,6
OVERALL,0.5605370521474669,0.0,0.40352501581875666,0.0,,,pretrain_link1,40.0,6
arxiv,0.49445507478962203,0.0,0.3217186667541831,0.0,48603.0,0.0,pretrain_link1,40.0,7
cora,0.6165787932044523,0.0,0.56180864918091,0.0,3414.0,0.0,pretrain_link1,40.0,7
home,0.6455566905005107,0.0,0.43392228800656796,0.0,1958.0,0.0,pretrain_link1,40.0,7
pubmed,0.7768762677484787,0.0,0.7612129696986875,0.0,3944.0,0.0,pretrain_link1,40.0,7
tech,0.9120809614168248,0.0,0.8244285700962584,0.0,9486.0,0.0,pretrain_link1,40.0,7
OVERALL,0.580327868852459,0.0,0.43360107257471664,0.0,,,pretrain_link1,40.0,7
arxiv,0.48700697487809397,0.0,0.31231538523457036,0.0,48603.0,0.0,pretrain_link1,40.0,8
cora,0.6186291739894552,0.0,0.5609585418277501,0.0,3414.0,0.0,pretrain_link1,40.0,8
home,0.5760980592441267,0.0,0.43551203017579965,0.0,1958.0,0.0,pretrain_link1,40.0,8
pubmed,0.7411257606490872,0.0,0.7311932149205651,0.0,3944.0,0.0,pretrain_link1,40.0,8
tech,0.9653173097195867,0.0,0.9300781951278791,0.0,9486.0,0.0,pretrain_link1,40.0,8
OVERALL,0.5784437356279207,0.0,0.43993557575950964,0.0,,,pretrain_link1,40.0,8
arxiv,0.46429232763409667,0.0,0.274191163496607,0.0,48603.0,0.0,pretrain_link1,40.0,9
cora,0.6086701816051553,0.0,0.555992042255153,0.0,3414.0,0.0,pretrain_link1,40.0,9
home,0.6373850868232891,0.0,0.520479050133096,0.0,1958.0,0.0,pretrain_link1,40.0,9
pubmed,0.6361561866125761,0.0,0.5803584825219817,0.0,3944.0,0.0,pretrain_link1,40.0,9
tech,0.9161922833649588,0.0,0.8655338723505436,0.0,9486.0,0.0,pretrain_link1,40.0,9
OVERALL,0.550285587122617,0.0,0.39675329871714615,0.0,,,pretrain_link1,40.0,9
arxiv,0.5280949735613027,0.0,0.30432932794301293,0.0,48603.0,0.0,pretrain_link1,40.0,10
cora,0.6224370240187463,0.0,0.5597987287656748,0.0,3414.0,0.0,pretrain_link1,40.0,10
home,0.5377936670071501,0.0,0.3802296068788481,0.0,1958.0,0.0,pretrain_link1,40.0,10
pubmed,0.6229716024340771,0.0,0.6144661475356364,0.0,3944.0,0.0,pretrain_link1,40.0,10
tech,0.9406493780307822,0.0,0.8784416711934835,0.0,9486.0,0.0,pretrain_link1,40.0,10
OVERALL,0.5967658185594541,0.0,0.41841573970938345,0.0,,,pretrain_link1,40.0,10
arxiv,0.49926959241199104,0.0,0.2906639160570834,0.0,48603.0,0.0,pretrain_link1,50.0,1
cora,0.630638547158758,0.0,0.5676171832682984,0.0,3414.0,0.0,pretrain_link1,50.0,1
home,0.5858018386108274,0.0,0.4101308777470238,0.0,1958.0,0.0,pretrain_link1,50.0,1
pubmed,0.777129817444219,0.0,0.7624185672110863,0.0,3944.0,0.0,pretrain_link1,50.0,1
tech,0.6470588235294118,0.0,0.42183134609009415,0.0,9486.0,0.0,pretrain_link1,50.0,1
OVERALL,0.5454936577405237,0.0,0.35422432479074584,0.0,,,pretrain_link1,50.0,1
arxiv,0.45250293191778285,0.0,0.284644215625356,0.0,48603.0,0.0,pretrain_link1,50.0,2
cora,0.6244874048037493,0.0,0.562934965011513,0.0,3414.0,0.0,pretrain_link1,50.0,2
home,0.6108273748723186,0.0,0.37268209293897775,0.0,1958.0,0.0,pretrain_link1,50.0,2
pubmed,0.7614097363083164,0.0,0.741912415353177,0.0,3944.0,0.0,pretrain_link1,50.0,2
tech,0.9429685852835757,0.0,0.8310663840053469,0.0,9486.0,0.0,pretrain_link1,50.0,2
OVERALL,0.5529115050812254,0.0,0.4049511550388051,0.0,,,pretrain_link1,50.0,2
arxiv,0.48408534452605806,0.0,0.29293887120527673,0.0,48603.0,0.0,pretrain_link1,50.0,3
cora,0.6221441124780316,0.0,0.5646533866687194,0.0,3414.0,0.0,pretrain_link1,50.0,3
home,0.6338100102145046,0.0,0.44552444591040874,0.0,1958.0,0.0,pretrain_link1,50.0,3
pubmed,0.6176470588235294,0.0,0.5947032780637648,0.0,3944.0,0.0,pretrain_link1,50.0,3
tech,0.9410710520767447,0.0,0.869971641927444,0.0,9486.0,0.0,pretrain_link1,50.0,3
OVERALL,0.5675543357317706,0.0,0.40999676890997516,0.0,,,pretrain_link1,50.0,3
arxiv,0.4874390469724091,0.0,0.3045463962507454,0.0,48603.0,0.0,pretrain_link1,50.0,4
cora,0.6092560046865847,0.0,0.5552966168368844,0.0,3414.0,0.0,pretrain_link1,50.0,4
home,0.7512768130745658,0.0,0.6305411512749277,0.0,1958.0,0.0,pretrain_link1,50.0,4
pubmed,0.7570993914807302,0.0,0.7413902860212641,0.0,3944.0,0.0,pretrain_link1,50.0,4
tech,0.8973223698081383,0.0,0.8484724007933576,0.0,9486.0,0.0,pretrain_link1,50.0,4
OVERALL,0.5747348119575699,0.0,0.42882431871591226,0.0,,,pretrain_link1,50.0,4
arxiv,0.49486657202230316,0.0,0.3100289181996677,0.0,48603.0,0.0,pretrain_link1,50.0,5
cora,0.6224370240187463,0.0,0.5601737534791197,0.0,3414.0,0.0,pretrain_link1,50.0,5
home,0.677732379979571,0.0,0.4509983972160595,0.0,1958.0,0.0,pretrain_link1,50.0,5
pubmed,0.7251521298174443,0.0,0.6704167225387413,0.0,3944.0,0.0,pretrain_link1,50.0,5
tech,0.5898165717900063,0.0,0.29907673362033244,0.0,9486.0,0.0,pretrain_link1,50.0,5
OVERALL,0.5334767450485869,0.0,0.3463391293850676,0.0,,,pretrain_link1,50.0,5
arxiv,0.5019443244244183,0.0,0.2900910370709613,0.0,48603.0,0.0,pretrain_link1,50.0,6
cora,0.6142355008787346,0.0,0.5586595344141615,0.0,3414.0,0.0,pretrain_link1,50.0,6
home,0.5949948927477018,0.0,0.36624286032320924,0.0,1958.0,0.0,pretrain_link1,50.0,6
pubmed,0.7294624746450304,0.0,0.6911004609970871,0.0,3944.0,0.0,pretrain_link1,50.0,6
tech,0.662977018764495,0.0,0.45549446447593844,0.0,9486.0,0.0,pretrain_link1,50.0,6
OVERALL,0.5463096209480008,0.0,0.3526471708916844,0.0,,,pretrain_link1,50.0,6
arxiv,0.4962245128901508,0.0,0.2769470979954835,0.0,48603.0,0.0,pretrain_link1,50.0,7
cora,0.619800820152314,0.0,0.5593278732223842,0.0,3414.0,0.0,pretrain_link1,50.0,7
home,0.6455566905005107,0.0,0.4181710961856557,0.0,1958.0,0.0,pretrain_link1,50.0,7
pubmed,0.7690162271805274,0.0,0.7553073523882828,0.0,3944.0,0.0,pretrain_link1,50.0,7
tech,0.9483449293695974,0.0,0.8781798173820884,0.0,9486.0,0.0,pretrain_link1,50.0,7
OVERALL,0.5864105036718344,0.0,0.4079538626940597,0.0,,,pretrain_link1,50.0,7
arxiv,0.5154208587947247,0.0,0.3118499907213693,0.0,48603.0,0.0,pretrain_link1,50.0,8
cora,0.6218512009373169,0.0,0.5562025461495945,0.0,3414.0,0.0,pretrain_link1,50.0,8
home,0.7349336057201226,0.0,0.585445085174923,0.0,1958.0,0.0,pretrain_link1,50.0,8
pubmed,0.7738336713995944,0.0,0.7489629012275599,0.0,3944.0,0.0,pretrain_link1,50.0,8
tech,0.9518237402487877,0.0,0.8970725301266813,0.0,9486.0,0.0,pretrain_link1,50.0,8
OVERALL,0.6037237593650323,0.0,0.44010921699549177,0.0,,,pretrain_link1,50.0,8
arxiv,0.4891056107647676,0.0,0.2998201111580746,0.0,48603.0,0.0,pretrain_link1,50.0,9
cora,0.6215582893966022,0.0,0.5639280577999835,0.0,3414.0,0.0,pretrain_link1,50.0,9
home,0.6583248212461695,0.0,0.41164956178756507,0.0,1958.0,0.0,pretrain_link1,50.0,9
pubmed,0.7712981744421906,0.0,0.7457134310975725,0.0,3944.0,0.0,pretrain_link1,50.0,9
tech,0.9110267763019186,0.0,0.8681986385210007,0.0,9486.0,0.0,pretrain_link1,50.0,9
OVERALL,0.5766189451821081,0.0,0.4225241918430997,0.0,,,pretrain_link1,50.0,9
arxiv,0.4911425220665391,0.0,0.30315696557184585,0.0,48603.0,0.0,pretrain_link1,50.0,10
cora,0.611892208553017,0.0,0.557354113606951,0.0,3414.0,0.0,pretrain_link1,50.0,10
home,0.5822267620020429,0.0,0.47776341472599315,0.0,1958.0,0.0,pretrain_link1,50.0,10
pubmed,0.7570993914807302,0.0,0.7300519035828721,0.0,3944.0,0.0,pretrain_link1,50.0,10
tech,0.9398060299388573,0.0,0.8932835132871957,0.0,9486.0,0.0,pretrain_link1,50.0,10
OVERALL,0.5786069282694162,0.0,0.42913163448333563,0.0,,,pretrain_link1,50.0,10
arxiv,0.4558154846408658,0.0,0.27735217438977733,0.0,48603.0,0.0,pretrain_link1,60.0,1
cora,0.6259519625073228,0.0,0.5691304073026267,0.0,3414.0,0.0,pretrain_link1,60.0,1
home,0.6195097037793666,0.0,0.4990836898485453,0.0,1958.0,0.0,pretrain_link1,60.0,1
pubmed,0.7325050709939148,0.0,0.7267635028850807,0.0,3944.0,0.0,pretrain_link1,60.0,1
tech,0.5969850305713683,0.0,0.3388429878047823,0.0,9486.0,0.0,pretrain_link1,60.0,1
OVERALL,0.5052444180698761,0.0,0.33352102432780795,0.0,,,pretrain_link1,60.0,1
arxiv,0.45993045696767687,0.0,0.2868206070674729,0.0,48603.0,0.0,pretrain_link1,60.0,2
cora,0.6285881663737551,0.0,0.5668905027406101,0.0,3414.0,0.0,pretrain_link1,60.0,2
home,0.416241062308478,0.0,0.3595621376413102,0.0,1958.0,0.0,pretrain_link1,60.0,2
pubmed,0.7254056795131846,0.0,0.670163468771289,0.0,3944.0,0.0,pretrain_link1,60.0,2
tech,0.9098671726755219,0.0,0.7889667242761743,0.0,9486.0,0.0,pretrain_link1,60.0,2
OVERALL,0.546057414138417,0.0,0.39621677730845284,0.0,,,pretrain_link1,60.0,2
arxiv,0.48089624097277944,0.0,0.2885531019471782,0.0,48603.0,0.0,pretrain_link1,60.0,3
cora,0.6239015817223199,0.0,0.5685541569011148,0.0,3414.0,0.0,pretrain_link1,60.0,3
home,0.6276813074565883,0.0,0.40212321840258164,0.0,1958.0,0.0,pretrain_link1,60.0,3
pubmed,0.7106997971602435,0.0,0.6272962734218606,0.0,3944.0,0.0,pretrain_link1,60.0,3
tech,0.8374446552814674,0.0,0.7658664880300684,0.0,9486.0,0.0,pretrain_link1,60.0,3
OVERALL,0.5560270009643201,0.0,0.3930274248951919,0.0,,,pretrain_link1,60.0,3
arxiv,0.4441495380943563,0.0,0.2862802218508415,0.0,48603.0,0.0,pretrain_link1,60.0,4
cora,0.627709431751611,0.0,0.5593984651925227,0.0,3414.0,0.0,pretrain_link1,60.0,4
home,0.6307456588355465,0.0,0.4592768639198832,0.0,1958.0,0.0,pretrain_link1,60.0,4
pubmed,0.7639452332657201,0.0,0.7546806935030261,0.0,3944.0,0.0,pretrain_link1,60.0,4
tech,0.8844613114062829,0.0,0.799704786742795,0.0,9486.0,0.0,pretrain_link1,60.0,4
OVERALL,0.5395445441732809,0.0,0.40480065788230757,0.0,,,pretrain_link1,60.0,4
arxiv,0.5057506738267186,0.0,0.2972518139084569,0.0,48603.0,0.0,pretrain_link1,60.0,5
cora,0.6268306971294669,0.0,0.5687255622438465,0.0,3414.0,0.0,pretrain_link1,60.0,5
home,0.6128702757916241,0.0,0.41794427757570646,0.0,1958.0,0.0,pretrain_link1,60.0,5
pubmed,0.7010649087221096,0.0,0.6768047426767599,0.0,3944.0,0.0,pretrain_link1,60.0,5
tech,0.9400168669618385,0.0,0.8868714134060934,0.0,9486.0,0.0,pretrain_link1,60.0,5
OVERALL,0.587538016467621,0.0,0.4196939990961175,0.0,,,pretrain_link1,60.0,5
arxiv,0.486286854720902,0.0,0.28813932220096333,0.0,48603.0,0.0,pretrain_link1,60.0,6
cora,0.6165787932044523,0.0,0.5587802719592582,0.0,3414.0,0.0,pretrain_link1,60.0,6
home,0.5536261491317671,0.0,0.3610373304029221,0.0,1958.0,0.0,pretrain_link1,60.0,6
pubmed,0.710446247464503,0.0,0.6311236890536404,0.0,3944.0,0.0,pretrain_link1,60.0,6
tech,0.9320050600885516,0.0,0.8580398457738866,0.0,9486.0,0.0,pretrain_link1,60.0,6
OVERALL,0.5706846673095468,0.0,0.40423618759691266,0.0,,,pretrain_link1,60.0,6
arxiv,0.4730572186902043,0.0,0.28686791180325655,0.0,48603.0,0.0,pretrain_link1,60.0,7
cora,0.616871704745167,0.0,0.5569764347628465,0.0,3414.0,0.0,pretrain_link1,60.0,7
home,0.6613891726251276,0.0,0.4636800200164516,0.0,1958.0,0.0,pretrain_link1,60.0,7
pubmed,0.7619168356997972,0.0,0.7322404743767853,0.0,3944.0,0.0,pretrain_link1,60.0,7
tech,0.9632089394897744,0.0,0.903884748564197,0.0,9486.0,0.0,pretrain_link1,60.0,7
OVERALL,0.5716934945478822,0.0,0.4185780179611047,0.0,,,pretrain_link1,60.0,7
arxiv,0.610456144682427,0.0,0.4116576912268163,0.0,48603.0,0.0,pretrain_link1,60.0,8
cora,0.6288810779144698,0.0,0.5691800468933541,0.0,3414.0,0.0,pretrain_link1,60.0,8
home,0.6052093973442288,0.0,0.3563092320110189,0.0,1958.0,0.0,pretrain_link1,60.0,8
pubmed,0.7157707910750507,0.0,0.6455948087057867,0.0,3944.0,0.0,pretrain_link1,60.0,8
tech,0.6036263967952773,0.0,0.36167880792207224,0.0,9486.0,0.0,pretrain_link1,60.0,8
OVERALL,0.6164379497069951,0.0,0.42468279831693256,0.0,,,pretrain_link1,60.0,8
arxiv,0.44417011295599035,0.0,0.27988575032396623,0.0,48603.0,0.0,pretrain_link1,60.0,9
cora,0.6241944932630346,0.0,0.5641877646025704,0.0,3414.0,0.0,pretrain_link1,60.0,9
home,0.644535240040858,0.0,0.4531846141927285,0.0,1958.0,0.0,pretrain_link1,60.0,9
pubmed,0.6402129817444219,0.0,0.6329398323976695,0.0,3944.0,0.0,pretrain_link1,60.0,9
tech,0.7092557453088763,0.0,0.5309237683575448,0.0,9486.0,0.0,pretrain_link1,60.0,9
OVERALL,0.5078851717231659,0.0,0.3553062412514554,0.0,,,pretrain_link1,60.0,9
arxiv,0.4643952019422669,0.0,0.2816419460993394,0.0,48603.0,0.0,pretrain_link1,60.0,10
cora,0.624780316344464,0.0,0.5663143000432026,0.0,3414.0,0.0,pretrain_link1,60.0,10
home,0.6276813074565883,0.0,0.42474339766561603,0.0,1958.0,0.0,pretrain_link1,60.0,10
pubmed,0.7479716024340771,0.0,0.7242936033872519,0.0,3944.0,0.0,pretrain_link1,60.0,10
tech,0.9110267763019186,0.0,0.837052863812903,0.0,9486.0,0.0,pretrain_link1,60.0,10
OVERALL,0.5567094429196647,0.0,0.4042813669183515,0.0,,,pretrain_link1,60.0,10
arxiv,0.6427998271711622,0.0,0.42760543855779004,0.0,48603.0,0.0,pretrain_link1,70.0,1
cora,0.6268306971294669,0.0,0.565140356186558,0.0,3414.0,0.0,pretrain_link1,70.0,1
home,0.5439223697650664,0.0,0.42405756842392817,0.0,1958.0,0.0,pretrain_link1,70.0,1
pubmed,0.6244929006085193,0.0,0.5904565831519363,0.0,3944.0,0.0,pretrain_link1,70.0,1
tech,0.8868859371705672,0.0,0.8223527966957254,0.0,9486.0,0.0,pretrain_link1,70.0,1
OVERALL,0.6723981900452489,0.0,0.4995504846617628,0.0,,,pretrain_link1,70.0,1
arxiv,0.4750735551303418,0.0,0.2949906259090748,0.0,48603.0,0.0,pretrain_link1,70.0,2
cora,0.6171646162858817,0.0,0.5630331069016131,0.0,3414.0,0.0,pretrain_link1,70.0,2
home,0.5720122574055159,0.0,0.40897019464680173,0.0,1958.0,0.0,pretrain_link1,70.0,2
pubmed,0.7634381338742393,0.0,0.7531275644038864,0.0,3944.0,0.0,pretrain_link1,70.0,2
tech,0.6792114695340502,0.0,0.4771451873336299,0.0,9486.0,0.0,pretrain_link1,70.0,2
OVERALL,0.5306876344484831,0.0,0.36431900334092504,0.0,,,pretrain_link1,70.0,2
arxiv,0.4783449581301566,0.0,0.27595078966973313,0.0,48603.0,0.0,pretrain_link1,70.0,3
cora,0.6288810779144698,0.0,0.5666510759330254,0.0,3414.0,0.0,pretrain_link1,70.0,3
home,0.6746680286006129,0.0,0.4494280148602218,0.0,1958.0,0.0,pretrain_link1,70.0,3
pubmed,0.7685091277890467,0.0,0.7443097142673484,0.0,3944.0,0.0,pretrain_link1,70.0,3
tech,0.6162766181741514,0.0,0.3994060070939127,0.0,9486.0,0.0,pretrain_link1,70.0,3
OVERALL,0.5280617164898747,0.0,0.34049233666661194,0.0,,,pretrain_link1,70.0,3
arxiv,0.4359813180256363,0.0,0.283954878556724,0.0,48603.0,0.0,pretrain_link1,70.0,4
cora,0.6253661394258934,0.0,0.5630433329162434,0.0,3414.0,0.0,pretrain_link1,70.0,4
home,0.6578140960163432,0.0,0.41302114570517545,0.0,1958.0,0.0,pretrain_link1,70.0,4
pubmed,0.7515212981744422,0.0,0.7410884307101578,0.0,3944.0,0.0,pretrain_link1,70.0,4
tech,0.6142736664558296,0.0,0.38462674760600124,0.0,9486.0,0.0,pretrain_link1,70.0,4
OVERALL,0.49557154513760104,0.0,0.3427550834933704,0.0,,,pretrain_link1,70.0,4
arxiv,0.4908338991420283,0.0,0.2933573681878422,0.0,48603.0,0.0,pretrain_link1,70.0,5
cora,0.6200937316930287,0.0,0.557792524858869,0.0,3414.0,0.0,pretrain_link1,70.0,5
home,0.5061287027579162,0.0,0.2767188476258345,0.0,1958.0,0.0,pretrain_link1,70.0,5
pubmed,0.765973630831643,0.0,0.7504075440375639,0.0,3944.0,0.0,pretrain_link1,70.0,5
tech,0.871494834492937,0.0,0.7388211065907527,0.0,9486.0,0.0,pretrain_link1,70.0,5
OVERALL,0.5674949929530451,0.0,0.3957010862748652,0.0,,,pretrain_link1,70.0,5
arxiv,0.49939304158179537,0.0,0.2830612011017464,0.0,48603.0,0.0,pretrain_link1,70.0,6
cora,0.6230228471001757,0.0,0.5631334022985887,0.0,3414.0,0.0,pretrain_link1,70.0,6
home,0.5398365679264555,0.0,0.41725064715422466,0.0,1958.0,0.0,pretrain_link1,70.0,6
pubmed,0.7614097363083164,0.0,0.7307999058851177,0.0,3944.0,0.0,pretrain_link1,70.0,6
tech,0.5977229601518027,0.0,0.31732961254835934,0.0,9486.0,0.0,pretrain_link1,70.0,6
OVERALL,0.5359988131444254,0.0,0.33216528882379903,0.0,,,pretrain_link1,70.0,6
arxiv,0.4671933831244985,0.0,0.2722234434425679,0.0,48603.0,0.0,pretrain_link1,70.0,7
cora,0.5673696543643819,0.0,0.5082033096643561,0.0,3414.0,0.0,pretrain_link1,70.0,7
home,0.6159346271705822,0.0,0.4451948453067983,0.0,1958.0,0.0,pretrain_link1,70.0,7
pubmed,0.7360547667342799,0.0,0.6975285039962275,0.0,3944.0,0.0,pretrain_link1,70.0,7
tech,0.9543537845245625,0.0,0.9196367015198827,0.0,9486.0,0.0,pretrain_link1,70.0,7
OVERALL,0.560878273125139,0.0,0.40519694085487246,0.0,,,pretrain_link1,70.0,7
arxiv,0.4597041334897023,0.0,0.28653151381676745,0.0,48603.0,0.0,pretrain_link1,70.0,8
cora,0.6285881663737551,0.0,0.5701612976550757,0.0,3414.0,0.0,pretrain_link1,70.0,8
home,0.6246169560776302,0.0,0.35629662575142085,0.0,1958.0,0.0,pretrain_link1,70.0,8
pubmed,0.6052231237322515,0.0,0.5365040888648251,0.0,3944.0,0.0,pretrain_link1,70.0,8
tech,0.9108159392789373,0.0,0.8380087308088419,0.0,9486.0,0.0,pretrain_link1,70.0,8
OVERALL,0.5450485869000816,0.0,0.3951602043822803,0.0,,,pretrain_link1,70.0,8
arxiv,0.4686336234388824,0.0,0.2775578675313802,0.0,48603.0,0.0,pretrain_link1,70.0,9
cora,0.5609256004686585,0.0,0.5137671454726506,0.0,3414.0,0.0,pretrain_link1,70.0,9
home,0.6332992849846782,0.0,0.5242947124304836,0.0,1958.0,0.0,pretrain_link1,70.0,9
pubmed,0.7342799188640974,0.0,0.7238249958342301,0.0,3944.0,0.0,pretrain_link1,70.0,9
tech,0.9681636095298335,0.0,0.921733030442016,0.0,9486.0,0.0,pretrain_link1,70.0,9
OVERALL,0.5639344262295082,0.0,0.41345657484687115,0.0,,,pretrain_link1,70.0,9
arxiv,0.47114375655823715,0.0,0.29675849074194827,0.0,48603.0,0.0,pretrain_link1,70.0,10
cora,0.6244874048037493,0.0,0.5602581524149026,0.0,3414.0,0.0,pretrain_link1,70.0,10
home,0.6246169560776302,0.0,0.45553498649798296,0.0,1958.0,0.0,pretrain_link1,70.0,10
pubmed,0.6004056795131846,0.0,0.591860068300993,0.0,3944.0,0.0,pretrain_link1,70.0,10
tech,0.9629981024667932,0.0,0.913533994506346,0.0,9486.0,0.0,pretrain_link1,70.0,10
OVERALL,0.5601513240857503,0.0,0.4187833445991359,0.0,,,pretrain_link1,70.0,10
arxiv,0.5191243338888546,0.0,0.29328979939760813,0.0,48603.0,0.0,pretrain_link1,80.0,1
cora,0.627709431751611,0.0,0.5614250581816798,0.0,3414.0,0.0,pretrain_link1,80.0,1
home,0.5439223697650664,0.0,0.4038581572415854,0.0,1958.0,0.0,pretrain_link1,80.0,1
pubmed,0.7307302231237323,0.0,0.6986564273674695,0.0,3944.0,0.0,pretrain_link1,80.0,1
tech,0.9209361163820367,0.0,0.7988988720973892,0.0,9486.0,0.0,pretrain_link1,80.0,1
OVERALL,0.5942734218529783,0.0,0.40495629687540036,0.0,,,pretrain_link1,80.0,1
arxiv,0.48283027796638067,0.0,0.30236678129652594,0.0,48603.0,0.0,pretrain_link1,80.0,2
cora,0.6239015817223199,0.0,0.5616481918304661,0.0,3414.0,0.0,pretrain_link1,80.0,2
home,0.6378958120531154,0.0,0.3867174900326994,0.0,1958.0,0.0,pretrain_link1,80.0,2
pubmed,0.7358012170385395,0.0,0.7015991881735276,0.0,3944.0,0.0,pretrain_link1,80.0,2
tech,0.9327429896689858,0.0,0.8900153940500047,0.0,9486.0,0.0,pretrain_link1,80.0,2
OVERALL,0.5725984719234478,0.0,0.42400987567484655,0.0,,,pretrain_link1,80.0,2
arxiv,0.4925416126576549,0.0,0.28990530243785845,0.0,48603.0,0.0,pretrain_link1,80.0,3
cora,0.6332747510251904,0.0,0.5705572974396169,0.0,3414.0,0.0,pretrain_link1,80.0,3
home,0.6409601634320735,0.0,0.43355933653389006,0.0,1958.0,0.0,pretrain_link1,80.0,3
pubmed,0.7517748478701826,0.0,0.7286557388406475,0.0,3944.0,0.0,pretrain_link1,80.0,3
tech,0.8234239932532152,0.0,0.7547605061438128,0.0,9486.0,0.0,pretrain_link1,80.0,3
OVERALL,0.5657147095912766,0.0,0.3993848468814949,0.0,,,pretrain_link1,80.0,3
arxiv,0.5011419048206901,0.0,0.29442039260725733,0.0,48603.0,0.0,pretrain_link1,80.0,4
cora,0.6294669009958992,0.0,0.5663799900090231,0.0,3414.0,0.0,pretrain_link1,80.0,4
home,0.5949948927477018,0.0,0.45140037534371213,0.0,1958.0,0.0,pretrain_link1,80.0,4
pubmed,0.6214503042596349,0.0,0.5890003205138189,0.0,3944.0,0.0,pretrain_link1,80.0,4
tech,0.9217794644739616,0.0,0.8449291175449162,0.0,9486.0,0.0,pretrain_link1,80.0,4
OVERALL,0.5766041094874268,0.0,0.4074652093441421,0.0,,,pretrain_link1,80.0,4
arxiv,0.5114087607760838,0.0,0.30424356180050316,0.0,48603.0,0.0,pretrain_link1,80.0,5
cora,0.6291739894551845,0.0,0.5670791931286752,0.0,3414.0,0.0,pretrain_link1,80.0,5
home,0.6726251276813074,0.0,0.4163518237169982,0.0,1958.0,0.0,pretrain_link1,80.0,5
pubmed,0.6470588235294118,0.0,0.6348528356338258,0.0,3944.0,0.0,pretrain_link1,80.0,5
tech,0.8675943495677841,0.0,0.764061414533271,0.0,9486.0,0.0,pretrain_link1,80.0,5
OVERALL,0.5801201691269193,0.0,0.4048679064219487,0.0,,,pretrain_link1,80.0,5
arxiv,0.4935086311544555,0.0,0.2949935295186398,0.0,48603.0,0.0,pretrain_link1,80.0,6
cora,0.6321031048623316,0.0,0.573306720105115,0.0,3414.0,0.0,pretrain_link1,80.0,6
home,0.5638406537282942,0.0,0.4733307542648547,0.0,1958.0,0.0,pretrain_link1,80.0,6
pubmed,0.7525354969574036,0.0,0.7048570609515533,0.0,3944.0,0.0,pretrain_link1,80.0,6
tech,0.8566308243727598,0.0,0.7876644768421568,0.0,9486.0,0.0,pretrain_link1,80.0,6
OVERALL,0.5688302054743714,0.0,0.40758642163343256,0.0,,,pretrain_link1,80.0,6
arxiv,0.4776865625578668,0.0,0.27671413997454825,0.0,48603.0,0.0,pretrain_link1,80.0,7
cora,0.6239015817223199,0.0,0.569329399972559,0.0,3414.0,0.0,pretrain_link1,80.0,7
home,0.6705822267620021,0.0,0.5344892842040985,0.0,1958.0,0.0,pretrain_link1,80.0,7
pubmed,0.654158215010142,0.0,0.6380126166957044,0.0,3944.0,0.0,pretrain_link1,80.0,7
tech,0.6501159603626396,0.0,0.4704114078295942,0.0,9486.0,0.0,pretrain_link1,80.0,7
OVERALL,0.5252874415844522,0.0,0.34742233232075215,0.0,,,pretrain_link1,80.0,7
arxiv,0.49268563668909326,0.0,0.28810685766363237,0.0,48603.0,0.0,pretrain_link1,80.0,8
cora,0.6274165202108963,0.0,0.5597768914176358,0.0,3414.0,0.0,pretrain_link1,80.0,8
home,0.5868232890704801,0.0,0.343795209292455,0.0,1958.0,0.0,pretrain_link1,80.0,8
pubmed,0.7449290060851927,0.0,0.7182549846543282,0.0,3944.0,0.0,pretrain_link1,80.0,8
tech,0.8819312671305081,0.0,0.7528791495424958,0.0,9486.0,0.0,pretrain_link1,80.0,8
OVERALL,0.5717825087159706,0.0,0.3940612150753912,0.0,,,pretrain_link1,80.0,8
arxiv,0.4773367899100879,0.0,0.2855099099180349,0.0,48603.0,0.0,pretrain_link1,80.0,9
cora,0.624780316344464,0.0,0.5638827262238634,0.0,3414.0,0.0,pretrain_link1,80.0,9
home,0.6174668028600613,0.0,0.4648533330051555,0.0,1958.0,0.0,pretrain_link1,80.0,9
pubmed,0.7667342799188641,0.0,0.7503852042508843,0.0,3944.0,0.0,pretrain_link1,80.0,9
tech,0.7145266708834072,0.0,0.5005999162395834,0.0,9486.0,0.0,pretrain_link1,80.0,9
OVERALL,0.5391884875009272,0.0,0.3622895431512913,0.0,,,pretrain_link1,80.0,9
arxiv,0.5045779067135774,0.0,0.29015080658429426,0.0,48603.0,0.0,pretrain_link1,80.0,10
cora,0.6285881663737551,0.0,0.5698684583598367,0.0,3414.0,0.0,pretrain_link1,80.0,10
home,0.6731358529111338,0.0,0.47139850119838334,0.0,1958.0,0.0,pretrain_link1,80.0,10
pubmed,0.6386916835699797,0.0,0.6171273861618939,0.0,3944.0,0.0,pretrain_link1,80.0,10
tech,0.7152646004638414,0.0,0.5707326025233387,0.0,9486.0,0.0,pretrain_link1,80.0,10
OVERALL,0.5532527260588977,0.0,0.36820189471348225,0.0,,,pretrain_link1,80.0,10
arxiv,0.48270682879657634,0.0,0.28196452072519024,0.0,48603.0,0.0,pretrain_link1,90.0,1
cora,0.5635618043350908,0.0,0.5056944043386093,0.0,3414.0,0.0,pretrain_link1,90.0,1
home,0.618488253319714,0.0,0.3835758993472155,0.0,1958.0,0.0,pretrain_link1,90.0,1
pubmed,0.7743407707910751,0.0,0.7633591374962828,0.0,3944.0,0.0,pretrain_link1,90.0,1
tech,0.969955724225174,0.0,0.9238159103672041,0.0,9486.0,0.0,pretrain_link1,90.0,1
OVERALL,0.5763815740672057,0.0,0.4147438628020016,0.0,,,pretrain_link1,90.0,1
arxiv,0.5106474908956238,0.0,0.30159248001870465,0.0,48603.0,0.0,pretrain_link1,90.0,2
cora,0.5650263620386643,0.0,0.5086279175391482,0.0,3414.0,0.0,pretrain_link1,90.0,2
home,0.6241062308478039,0.0,0.40299264363376575,0.0,1958.0,0.0,pretrain_link1,90.0,2
pubmed,0.7811866125760649,0.0,0.7676406082687407,0.0,3944.0,0.0,pretrain_link1,90.0,2
tech,0.9148218427155809,0.0,0.6930852162640516,0.0,9486.0,0.0,pretrain_link1,90.0,2
OVERALL,0.5894073139974779,0.0,0.39738885147326425,0.0,,,pretrain_link1,90.0,2
arxiv,0.5986873238277473,0.0,0.4270229848670109,0.0,48603.0,0.0,pretrain_link1,90.0,3
cora,0.5579964850615114,0.0,0.4989970341430011,0.0,3414.0,0.0,pretrain_link1,90.0,3
home,0.6016343207354443,0.0,0.42936648506329844,0.0,1958.0,0.0,pretrain_link1,90.0,3
pubmed,0.7619168356997972,0.0,0.7360748221865996,0.0,3944.0,0.0,pretrain_link1,90.0,3
tech,0.8388150959308455,0.0,0.6904375148515784,0.0,9486.0,0.0,pretrain_link1,90.0,3
OVERALL,0.6400563756397893,0.0,0.48589040798747113,0.0,,,pretrain_link1,90.0,3
arxiv,0.3356171429747135,0.0,0.3025715037198205,0.0,48603.0,0.0,pretrain_link1,90.0,4
cora,0.5770357352079672,0.0,0.5372257566159423,0.0,3414.0,0.0,pretrain_link1,90.0,4
home,0.7129724208375894,0.0,0.5159679156577319,0.0,1958.0,0.0,pretrain_link1,90.0,4
pubmed,0.7596348884381339,0.0,0.7379206279575284,0.0,3944.0,0.0,pretrain_link1,90.0,4
tech,0.9446552814674257,0.0,0.8742952327770573,0.0,9486.0,0.0,pretrain_link1,90.0,4
OVERALL,0.46932720124619837,0.0,0.4265879421708591,0.0,,,pretrain_link1,90.0,4
arxiv,0.48445569203547106,0.0,0.28707138524678316,0.0,48603.0,0.0,pretrain_link1,90.0,5
cora,0.5641476274165202,0.0,0.5174990495608607,0.0,3414.0,0.0,pretrain_link1,90.0,5
home,0.754341164453524,0.0,0.5317620290099953,0.0,1958.0,0.0,pretrain_link1,90.0,5
pubmed,0.720841784989858,0.0,0.7066647608440761,0.0,3944.0,0.0,pretrain_link1,90.0,5
tech,0.9647902171621336,0.0,0.9222639653976578,0.0,9486.0,0.0,pretrain_link1,90.0,5
OVERALL,0.5777612936725762,0.0,0.4197929550876488,0.0,,,pretrain_link1,90.0,5
arxiv,0.60189700224266,0.0,0.44112373533404037,0.0,48603.0,0.0,pretrain_link1,90.0,6
cora,0.5814294083186877,0.0,0.5264716707884666,0.0,3414.0,0.0,pretrain_link1,90.0,6
home,0.526046986721144,0.0,0.3209511832953817,0.0,1958.0,0.0,pretrain_link1,90.0,6
pubmed,0.7887931034482759,0.0,0.7737264306473616,0.0,3944.0,0.0,pretrain_link1,90.0,6
tech,0.9731182795698925,0.0,0.9311451003924213,0.0,9486.0,0.0,pretrain_link1,90.0,6
OVERALL,0.6618351754320896,0.0,0.5303783558222721,0.0,,,pretrain_link1,90.0,6
arxiv,0.5876386231302595,0.0,0.41842740272731904,0.0,48603.0,0.0,pretrain_link1,90.0,7
cora,0.5518453427065027,0.0,0.4962936100788189,0.0,3414.0,0.0,pretrain_link1,90.0,7
home,0.6593462717058223,0.0,0.4367520190001787,0.0,1958.0,0.0,pretrain_link1,90.0,7
pubmed,0.6802738336713996,0.0,0.6732936242352406,0.0,3944.0,0.0,pretrain_link1,90.0,7
tech,0.9578325954037529,0.0,0.9204734629225007,0.0,9486.0,0.0,pretrain_link1,90.0,7
OVERALL,0.6454268971144573,0.0,0.5084699238340472,0.0,,,pretrain_link1,90.0,7
arxiv,0.42192868752957635,0.0,0.3066098151040868,0.0,48603.0,0.0,pretrain_link1,90.0,8
cora,0.5790861159929701,0.0,0.518760749512905,0.0,3414.0,0.0,pretrain_link1,90.0,8
home,0.6573033707865169,0.0,0.4507192691051623,0.0,1958.0,0.0,pretrain_link1,90.0,8
pubmed,0.7505070993914807,0.0,0.7077350332150409,0.0,3944.0,0.0,pretrain_link1,90.0,8
tech,0.8630613535736875,0.0,0.7632849005520878,0.0,9486.0,0.0,pretrain_link1,90.0,8
OVERALL,0.5180327868852459,0.0,0.40928034877065683,0.0,,,pretrain_link1,90.0,8
arxiv,0.49075159969549204,0.0,0.2993285519721097,0.0,48603.0,0.0,pretrain_link1,90.0,9
cora,0.5691271236086701,0.0,0.5138172622027477,0.0,3414.0,0.0,pretrain_link1,90.0,9
home,0.7349336057201226,0.0,0.5442102333498215,0.0,1958.0,0.0,pretrain_link1,90.0,9
pubmed,0.7530425963488844,0.0,0.7424809510230274,0.0,3944.0,0.0,pretrain_link1,90.0,9
tech,0.9320050600885516,0.0,0.8538908675839022,0.0,9486.0,0.0,pretrain_link1,90.0,9
OVERALL,0.579259698835398,0.0,0.4212796531755106,0.0,,,pretrain_link1,90.0,9
arxiv,0.570047116433142,0.0,0.42088742470201146,0.0,48603.0,0.0,pretrain_link1,90.0,10
cora,0.5890451083772701,0.0,0.5375571100979301,0.0,3414.0,0.0,pretrain_link1,90.0,10
home,0.6751787538304392,0.0,0.4487395739818078,0.0,1958.0,0.0,pretrain_link1,90.0,10
pubmed,0.7834685598377282,0.0,0.7689249771514813,0.0,3944.0,0.0,pretrain_link1,90.0,10
tech,0.8347037739827113,0.0,0.7143198183743404,0.0,9486.0,0.0,pretrain_link1,90.0,10
OVERALL,0.6237964542689711,0.0,0.48926520984358746,0.0,,,pretrain_link1,90.0,10
