dataset,seed,layer,val,test,ret_val,ret_test
tolokers-2,0,0,0.48431936252820906,0.4959238329495458,-4.441446303291957,-1.1347034676575538
tolokers-2,1,0,0.49576387800984834,0.4850606997248996,-1.2122717524324076,-4.160711373730203
tolokers-2,2,0,0.4944852085035756,0.4852121791295955,-1.5582380245968426,-4.10614025795174
tolokers-2,0,1,0.6999995765995013,0.689847773464703,56.64867781975176,52.84889559505651
tolokers-2,1,1,0.7296037394732051,0.7195332328062927,65.70682531412439,61.141713589578764
tolokers-2,2,1,0.7364670615581984,0.7302068346288675,66.81521270995835,63.921625749269474
tolokers-2,0,2,0.8352950889776148,0.8403876349355619,94.97031840259037,94.75544670479002
tolokers-2,1,2,0.8365165994165542,0.8425938228460617,96.30260144672913,95.41504548650903
tolokers-2,2,2,0.827669645994843,0.8395564521417148,92.58506005646744,94.28477868411063
tolokers-2,0,3,0.8442224884940915,0.8449435088458808,97.49895065059663,96.02368862428479
tolokers-2,1,3,0.8411909409229285,0.8440412559159429,97.64028062182695,95.81816685937585
tolokers-2,2,3,0.8374078574664561,0.8417077974868064,95.33665119395127,94.88214362433092
tolokers-2,0,4,0.7892608697493045,0.7926739406807446,81.9314025304311,81.47314162368191
tolokers-2,1,4,0.8134074001939174,0.7991284072434047,89.6893288582472,83.30958902391242
tolokers-2,2,4,0.801310847944179,0.8018024790694144,85.13722065368236,83.80161756873268
tolokers-2,0,5,0.8437186419005601,0.8471034978561723,97.35623913173828,96.62497581142472
tolokers-2,1,5,0.8423044842346824,0.8458261893385257,97.95894875864823,96.31528470666012
tolokers-2,2,5,0.8414111091822866,0.8453058804344643,96.46779442025169,95.88122478526087
tolokers-2,0,6,0.8227899552465673,0.8251103375453925,91.42831444504405,90.50262730104916
tolokers-2,1,6,0.8207491648425161,0.8247275986997279,91.79035756261281,90.43916303937984
tolokers-2,2,6,0.8242718569922475,0.8317856646567883,91.62499401828012,92.12706095088441
tolokers-2,0,7,0.8216531249073811,0.8300803125655313,91.1063140852671,91.88614466422847
tolokers-2,1,7,0.8207406968325408,0.8284041701015026,91.78793423077386,91.46311678326377
tolokers-2,2,7,0.8186194603337242,0.8297612586554218,90.02787481456667,91.56494331005702
tolokers-2,0,8,0.7608252922521943,0.7719298065501363,73.8771961383942,75.69849091869382
tolokers-2,1,8,0.7794337441729506,0.7787271053815791,79.96692152039839,77.62766770682913
tolokers-2,2,8,0.7639626899480487,0.7782474647566969,74.58427046944536,77.26108712860211
tolokers-2,0,9,0.8162865235855248,0.8246668612208882,89.586256520957,90.37917452862584
tolokers-2,1,9,0.8155095836702896,0.8235516297051177,90.29092098726538,90.1116465238183
tolokers-2,2,9,0.816184907465821,0.8250028050515035,89.33997703019571,90.24366155530244
tolokers-2,0,10,0.8491551043047127,0.8522075324806418,98.89608442765478,98.04581203225241
tolokers-2,1,10,0.8466612753669824,0.8524362418747891,99.20575298978564,98.15623577278363
tolokers-2,2,10,0.8467205514368096,0.8518863259336052,97.9680097621668,97.70841977335792
tolokers-2,0,11,0.8491445192922438,0.8515881691604359,98.89308628650237,97.87339669733643
tolokers-2,1,11,0.8479886359306132,0.8523597073526525,99.58561025554036,98.13492031283084
tolokers-2,2,11,0.8484480254717741,0.8516196307770648,98.45611810307702,97.63436642036775
cora,0,0,0.316,0.319,-0.8450704225352119,0.0
cora,1,0,0.316,0.319,-0.8356545961002791,0.0
cora,2,0,0.316,0.319,-0.8645533141210382,0.0
cora,0,1,0.588,0.584,75.77464788732392,74.85875706214688
cora,1,1,0.606,0.603,79.9442896935933,78.45303867403314
cora,2,1,0.596,0.606,79.82708933717578,81.99999999999999
cora,0,2,0.616,0.612,83.6619718309859,82.76836158192089
cora,1,2,0.616,0.626,82.72980501392756,84.80662983425412
cora,2,2,0.622,0.623,87.31988472622479,86.85714285714285
cora,0,3,0.534,0.56,60.563380281690144,68.07909604519774
cora,1,3,0.532,0.566,59.33147632311977,68.23204419889501
cora,2,3,0.534,0.559,61.959654178674356,68.57142857142857
cora,0,4,0.618,0.645,84.22535211267605,92.09039548022598
cora,1,4,0.624,0.653,84.95821727019498,92.26519337016573
cora,2,4,0.616,0.652,85.59077809798269,95.14285714285715
cora,0,5,0.58,0.605,73.52112676056336,80.79096045197738
cora,1,5,0.588,0.618,74.93036211699162,82.59668508287291
cora,2,5,0.582,0.619,75.79250720461094,85.71428571428571
cora,0,6,0.446,0.451,35.77464788732394,37.28813559322034
cora,1,6,0.422,0.457,28.690807799442887,38.12154696132596
cora,2,6,0.456,0.469,39.481268011527376,42.85714285714284
cora,0,7,0.452,0.457,37.46478873239436,38.983050847457626
cora,1,7,0.46,0.455,39.27576601671309,37.569060773480665
cora,2,7,0.45,0.442,37.752161383285305,35.14285714285714
cora,0,8,0.206,0.219,-31.83098591549296,-28.248587570621467
cora,1,8,0.224,0.211,-26.462395543175486,-29.834254143646408
cora,2,8,0.2,0.208,-34.29394812680115,-31.714285714285715
cora,0,9,0.28,0.274,-10.985915492957739,-12.711864406779654
cora,1,9,0.29,0.283,-8.077994428969365,-9.944751381215477
cora,2,9,0.28,0.281,-11.239193083573479,-10.85714285714285
cora,0,10,0.468,0.514,41.971830985915496,55.08474576271186
cora,1,10,0.45,0.502,36.49025069637883,50.5524861878453
cora,2,10,0.456,0.499,39.481268011527376,51.42857142857142
cora,0,11,0.464,0.489,40.845070422535215,48.02259887005649
cora,1,11,0.46,0.465,39.27576601671309,40.331491712707184
cora,2,11,0.462,0.476,41.21037463976945,44.85714285714285
pubmed,0,0,0.414,0.402,0.3174603174603177,-3.6666666666666514
pubmed,1,0,0.41,0.405,-0.9584664536741223,-2.7397260273972437
pubmed,2,0,0.416,0.406,0.9523809523809532,-2.2508038585208845
pubmed,0,1,0.442,0.431,9.206349206349214,6.000000000000005
pubmed,1,1,0.444,0.434,9.904153354632596,7.191780821917815
pubmed,2,1,0.458,0.439,14.285714285714297,8.360128617363351
pubmed,0,2,0.682,0.666,85.39682539682542,84.33333333333336
pubmed,1,2,0.678,0.665,84.66453674121408,86.30136986301373
pubmed,2,2,0.676,0.665,83.49206349206352,81.02893890675243
pubmed,0,3,0.696,0.696,89.84126984126983,94.33333333333333
pubmed,1,3,0.674,0.703,83.38658146964858,99.31506849315068
pubmed,2,3,0.696,0.697,89.84126984126983,91.31832797427653
pubmed,0,4,0.69,0.686,87.93650793650792,91.00000000000003
pubmed,1,4,0.708,0.676,94.24920127795527,90.06849315068496
pubmed,2,4,0.686,0.674,86.66666666666669,83.92282958199358
pubmed,0,5,0.702,0.691,91.74603174603175,92.66666666666666
pubmed,1,5,0.682,0.676,85.94249201277957,90.06849315068496
pubmed,2,5,0.708,0.706,93.65079365079364,94.21221864951768
pubmed,0,6,0.658,0.648,77.77777777777779,78.33333333333334
pubmed,1,6,0.674,0.654,83.38658146964858,82.5342465753425
pubmed,2,6,0.682,0.657,85.39682539682542,78.4565916398714
pubmed,0,7,0.604,0.581,60.63492063492064,55.99999999999999
pubmed,1,7,0.584,0.577,54.632587859424916,56.16438356164383
pubmed,2,7,0.616,0.592,64.44444444444444,57.55627009646302
pubmed,0,8,0.536,0.518,39.047619047619065,35.000000000000014
pubmed,1,8,0.552,0.544,44.408945686900985,44.86301369863016
pubmed,2,8,0.562,0.537,47.301587301587325,39.871382636655966
pubmed,0,9,0.544,0.523,41.58730158730161,36.66666666666668
pubmed,1,9,0.552,0.538,44.408945686900985,42.80821917808221
pubmed,2,9,0.568,0.541,49.206349206349195,41.157556270096485
pubmed,0,10,0.692,0.685,88.57142857142857,90.66666666666669
pubmed,1,10,0.686,0.69,87.22044728434507,94.86301369863013
pubmed,2,10,0.69,0.697,87.93650793650792,91.31832797427653
pubmed,0,11,0.67,0.673,81.58730158730161,86.6666666666667
pubmed,1,11,0.662,0.66,79.5527156549521,84.58904109589044
pubmed,2,11,0.676,0.681,83.49206349206352,86.1736334405145
city-roads-M,0,0,-0.22596704959869385,-0.23624920845031738,-35.04284572718958,-36.86764486064936
city-roads-M,1,0,-0.25507891178131104,-0.2669541835784912,-39.39723486539391,-41.73122294457504
city-roads-M,2,0,-0.253635048866272,-0.2637087106704712,-39.19159737840358,-41.1568883469478
city-roads-M,0,1,0.6092618703842163,0.6016532778739929,94.48399565002984,93.89042834642417
city-roads-M,1,1,0.6097654104232788,0.6005311608314514,94.1789774759394,93.87715682849831
city-roads-M,2,1,0.610316276550293,0.6010674834251404,94.30585359146019,93.80830554066127
city-roads-M,0,2,0.6069461107254028,0.6008521318435669,94.12486891624644,93.7654062668794
city-roads-M,1,2,0.6117920875549316,0.6019672751426697,94.49200011820513,94.10165530120243
city-roads-M,2,2,0.6076792478561401,0.6012911796569824,93.89838085723635,93.84321770118167
city-roads-M,0,3,0.616743266582489,0.6070071458816528,95.64420645627638,94.72592111117012
city-roads-M,1,3,0.6146950721740723,0.603874683380127,94.94036947203459,94.39982810874805
city-roads-M,2,3,0.6143423914909363,0.6043082475662231,94.927967437548,94.31409000100095
city-roads-M,0,4,0.6205806732177734,0.6088672280311584,96.23930936597752,95.01619445663205
city-roads-M,1,4,0.6181742548942566,0.6071511507034302,95.47773329333016,94.91201707880471
city-roads-M,2,4,0.619304895401001,0.6083076000213623,95.69477177354713,94.93826696518904
city-roads-M,0,5,0.5648084282875061,0.5617828369140625,87.59018030746506,87.66848471583917
city-roads-M,1,5,0.5631645917892456,0.559571385383606,86.98142678927718,87.47417974059218
city-roads-M,2,5,0.5628314018249512,0.557529628276825,86.96850766818152,87.01337397147267
city-roads-M,0,6,0.6032472848892212,0.599102258682251,93.55125704062452,93.49233147993829
city-roads-M,1,6,0.6062922477722168,0.5984008312225342,93.64254346132782,93.54413616306636
city-roads-M,2,6,0.6046243906021118,0.5998222827911377,93.42634540281658,93.61396769215828
city-roads-M,0,7,0.5646540522575378,0.5586007237434387,87.56623975767357,87.1719030804953
city-roads-M,1,7,0.5622913241386414,0.5561132431030273,86.8465495840588,86.93359069811906
city-roads-M,2,7,0.5642292499542236,0.5559513568878174,87.18450266305103,86.76705393459025
city-roads-M,0,8,0.4279412031173706,0.4241313338279724,66.36488633091663,66.18741071097205
city-roads-M,1,8,0.420973539352417,0.4129161834716797,65.01985321390443,64.5485194458967
city-roads-M,2,8,0.42779386043548584,0.4224315285682678,66.1025548877525,65.9286802142842
city-roads-M,0,9,0.4703329801559448,0.4649556875228882,72.93897979057103,72.55821628345383
city-roads-M,1,9,0.4711762070655823,0.464760959148407,72.77371368379926,72.65307830043456
city-roads-M,2,9,0.47124695777893066,0.46614426374435425,72.81691200653843,72.75090522311224
city-roads-M,0,10,0.6113330125808716,0.6044622659683228,94.80518724236757,94.32878230392039
city-roads-M,1,10,0.6126327514648438,0.6045624017715454,94.62184163771914,94.5073346820883
city-roads-M,2,10,0.6097163558006287,0.6025311350822449,94.21315405097913,94.03673693254483
city-roads-M,0,11,0.3080982565879822,0.31779855489730835,47.77970811940511,49.59375032846084
city-roads-M,1,11,0.33079618215560913,0.33551716804504395,51.09185541819068,52.44923137645218
city-roads-M,2,11,0.32694149017333984,0.3344021439552307,50.51888256943785,52.18997759593728
artnet-views,0,0,-0.2570406198501587,-0.25830912590026855,-41.57611514597829,-41.57668171932218
artnet-views,1,0,-0.23807740211486816,-0.23845243453979492,-38.513753396718826,-38.43087128571534
artnet-views,2,0,-0.2724728584289551,-0.2733989953994751,-44.10322193240306,-44.02576849968115
artnet-views,0,1,0.5990291237831116,0.5948573350906372,96.89248275513663,95.74649754734774
artnet-views,1,1,0.6005000472068787,0.59531170129776,97.14282215531367,95.94511966971051
artnet-views,2,1,0.5992256999015808,0.5949656963348389,96.99235433113711,95.8080404568286
artnet-views,0,2,0.5832001566886902,0.5788091421127319,94.33215995890619,93.16342732368774
artnet-views,1,2,0.5831565260887146,0.576659083366394,94.3371627796562,92.93891694317756
artnet-views,2,2,0.5836083889007568,0.5782943367958069,94.46449252123764,93.12343141293677
artnet-views,0,3,0.5988364219665527,0.5961817502975464,96.86131339008156,95.95967154702731
artnet-views,1,3,0.6001811623573303,0.5966196060180664,97.0912361906301,96.15591188937093
artnet-views,2,3,0.5986158847808838,0.5958510637283325,96.89364794342237,95.95061223126459
artnet-views,0,4,0.5761231184005737,0.576378345489502,93.18745466317996,92.772173405824
artnet-views,1,4,0.5777316093444824,0.5763211250305176,93.45957463467013,92.88444891758968
artnet-views,2,4,0.5750952363014221,0.5755428075790405,93.0865297377233,92.68034935939643
artnet-views,0,5,0.5903292298316956,0.588813066482544,95.4852818508876,94.77362974304954
artnet-views,1,5,0.5917896032333374,0.5889145135879517,95.73373465606818,94.91409854408985
artnet-views,2,5,0.591547966003418,0.5896817445755005,95.74961476433765,94.95715936057509
artnet-views,0,6,0.5536439418792725,0.554606556892395,89.55146579892491,89.26784996464689
artnet-views,1,6,0.5540382266044617,0.5536831617355347,89.62669888973505,89.23593656232981
artnet-views,2,6,0.5559014081954956,0.5563980937004089,89.97976282681356,89.59745309643934
artnet-views,0,7,0.5771588087081909,0.5767228603363037,93.35497674397081,92.82762550835092
artnet-views,1,7,0.5768884420394897,0.5770813226699829,93.32317555870492,93.00696835292437
artnet-views,2,7,0.5774598717689514,0.5772985219955444,93.46927627407554,92.96307415997448
artnet-views,0,8,0.41098153591156006,0.41667425632476807,66.4759354762328,67.06667012043084
artnet-views,1,8,0.4047619104385376,0.4114725589752197,65.47828674429695,66.31615643639628
artnet-views,2,8,0.40857070684432983,0.413657009601593,66.13240182134558,66.61168493461508
artnet-views,0,9,0.42050182819366455,0.4194222688674927,68.01583515580441,67.50898218529252
artnet-views,1,9,0.41852349042892456,0.41675400733947754,67.70449592413026,67.16735622674722
artnet-views,2,9,0.41681742668151855,0.4153011441230774,67.46723904987167,66.87644189072402
artnet-views,0,10,0.5740276575088501,0.5756629705429077,92.84851553609187,92.65702874587107
artnet-views,1,10,0.5758912563323975,0.5776967406272888,93.16186094390937,93.10615395507511
artnet-views,2,10,0.5762944221496582,0.5782411098480225,93.28063332627116,93.11486021362539
artnet-views,0,11,0.44675225019454956,0.4419192671775818,72.26181996698149,71.13003326166773
artnet-views,1,11,0.44948309659957886,0.44428426027297974,72.71282778059438,71.60434848892537
artnet-views,2,11,0.448358952999115,0.44301432371139526,72.57263906399601,71.33912847507902
