dataset,seed,val,test,tempo_s
tolokers-2,0,0.853052505895852,0.8592275133228355,1.9921209812164307
tolokers-2,1,0.8494366656363922,0.859056395245865,1.2158122062683105
tolokers-2,2,0.8539120089083465,0.8601392047377618,1.219569444656372
cora,0,0.674,0.673,0.4155092239379883
cora,1,0.678,0.681,0.35643649101257324
cora,2,0.666,0.669,0.3566398620605469
pubmed,0,0.728,0.713,2.589984178543091
pubmed,1,0.726,0.705,2.583422899246216
pubmed,2,0.728,0.724,2.587649345397949
city-roads-M,0,0.6448307633399963,0.6408036351203918,3.9925715923309326
city-roads-M,1,0.6474538445472717,0.6396989226341248,3.9605209827423096
city-roads-M,2,0.647166907787323,0.640740156173706,4.046746015548706
artnet-views,0,0.6182410717010498,0.6212836503982544,7.953308582305908
artnet-views,1,0.6181620359420776,0.6204710602760315,7.942831039428711
artnet-views,2,0.617807149887085,0.6209976673126221,7.683839321136475
