dataset,seed,layer,bloco,cos_all,ang_all,cos_tgt,ang_tgt
tolokers-2,0,0,LimiX,0.1696453268928193,0.17138185363463665,0.8580679491135548,0.4546685325595885
tolokers-2,0,0,grafo: atenção,0.0009744530288636593,0.012533234360126738,0.0028074865224939727,0.02314132622664112
tolokers-2,0,0,grafo: MLP,0.001998726272548069,0.01545360610656247,0.01929045259687836,0.06262260666982129
tolokers-2,0,0,camada inteira,0.17032206987039103,0.1719994677314627,0.8580241869699636,0.45465411435202685
tolokers-2,0,1,LimiX,0.04413376464428474,0.06609216735209743,0.48502618392631464,0.3278006941409572
tolokers-2,0,1,grafo: atenção,0.001980767142810577,0.017731772642444955,0.0008067125230140545,0.012230763980101674
tolokers-2,0,1,grafo: MLP,0.0011984216832639828,0.015175764654941358,0.0006088895675174728,0.011094875961083113
tolokers-2,0,1,camada inteira,0.04654217084552498,0.07107352000060106,0.48627969135715887,0.3282660331390851
tolokers-2,0,2,LimiX,0.05065417721168975,0.09747883780233098,0.015284704348771319,0.05572018969839601
tolokers-2,0,2,grafo: atenção,0.0012294206718215124,0.014021534402952531,0.00012004516260571891,0.004920041303175964
tolokers-2,0,2,grafo: MLP,0.0005738444799174427,0.010694955471448653,0.0008155507716071028,0.012847582469148265
tolokers-2,0,2,camada inteira,0.05087559426601528,0.09760210123406159,0.015651691346293326,0.05638848226980328
tolokers-2,0,3,LimiX,0.1035948564224276,0.14035706726782585,0.01968162000984683,0.06323793251393006
tolokers-2,0,3,grafo: atenção,0.003918377350211691,0.02642038991634787,0.0013355352720195559,0.016200203216561387
tolokers-2,0,3,grafo: MLP,0.005660627610359599,0.031690311308350205,0.002218329364654417,0.02086459248793392
tolokers-2,0,3,camada inteira,0.11291979077563394,0.14748597543448322,0.023230176268008686,0.06872694701629382
tolokers-2,0,4,LimiX,0.07672698689905891,0.12485006628056838,0.04520494911087874,0.09599707188120098
tolokers-2,0,4,grafo: atenção,0.012704869033649962,0.04843211323438134,0.01118365823687514,0.04641614486981258
tolokers-2,0,4,grafo: MLP,0.009627024116392829,0.04166736198737848,0.002011732130096617,0.019337334480130648
tolokers-2,0,4,camada inteira,0.09786468329766476,0.14135363328220885,0.062483652636266596,0.11292864119951367
tolokers-2,0,5,LimiX,0.2524402051446969,0.23017278615337183,0.14978942899930164,0.17638382149769974
tolokers-2,0,5,grafo: atenção,0.009638134739750125,0.041145697357139,0.007649199741611879,0.038387937671034544
tolokers-2,0,5,grafo: MLP,0.011793985990358856,0.045776838365777145,0.0038288882061899648,0.02743233979272108
tolokers-2,0,5,camada inteira,0.2602002845648462,0.2339611745010762,0.1585212771680555,0.18156770347343618
tolokers-2,0,6,LimiX,0.31802894965334566,0.2606225114120337,0.2516730426671903,0.2307627199503331
tolokers-2,0,6,grafo: atenção,0.009320662802681092,0.04032165127241518,0.007239619556676798,0.037282889477079986
tolokers-2,0,6,grafo: MLP,0.013387536079797757,0.04883072526520405,0.004422166358092033,0.029323450640177644
tolokers-2,0,6,camada inteira,0.32568126181683177,0.2639691357848012,0.2553451871146532,0.23249966988071966
tolokers-2,0,7,LimiX,0.19232923553685216,0.20013956971399177,0.13739258493039397,0.16869016501534742
tolokers-2,0,7,grafo: atenção,0.009881094823583698,0.04216776609542439,0.006305714585341117,0.034275881455389096
tolokers-2,0,7,grafo: MLP,0.013416173736457666,0.04929871709942576,0.006753260974655144,0.0359413819582039
tolokers-2,0,7,camada inteira,0.21142035710956206,0.2099968301042171,0.13857249606256053,0.16941322082271537
tolokers-2,0,8,LimiX,0.30639699228921063,0.2551979301428978,0.18916424179329466,0.19895549083177325
tolokers-2,0,8,grafo: atenção,0.03549251156843295,0.08069942546788929,0.0016798798713298395,0.01703058707965273
tolokers-2,0,8,grafo: MLP,0.035440245918388624,0.07900050993308974,0.001827397283867493,0.019118207282518986
tolokers-2,0,8,camada inteira,0.32107113855378333,0.26145640432414263,0.18942382720223472,0.1991021009335432
tolokers-2,0,9,LimiX,0.4187033025591414,0.301607029062455,0.22536193622732212,0.2178809165864476
tolokers-2,0,9,grafo: atenção,0.03142374179875077,0.07528714594482316,0.003087068633615075,0.024303504405327605
tolokers-2,0,9,grafo: MLP,0.03142353975111667,0.07497369259943312,0.002637721995916279,0.022575766267752158
tolokers-2,0,9,camada inteira,0.44657283001671527,0.31223690682775723,0.22964039513916776,0.22003713069087805
tolokers-2,0,10,LimiX,0.12758624166075144,0.16096424887065436,0.04688077881759071,0.09743217663628431
tolokers-2,0,10,grafo: atenção,0.028986807749347417,0.07460923380623831,0.008031463550955837,0.040169086616701384
tolokers-2,0,10,grafo: MLP,0.03608802900127532,0.08317383016943455,0.01088787916194826,0.04656952576185348
tolokers-2,0,10,camada inteira,0.16464489551712747,0.1835194539703737,0.07145806984539621,0.12070133541207745
tolokers-2,0,11,LimiX,0.22682206652262943,0.21713406614727127,0.10029257888166754,0.14359763645668466
tolokers-2,0,11,grafo: atenção,0.04889662952985365,0.09661248949160636,0.010174140940989437,0.04445103113022507
tolokers-2,0,11,grafo: MLP,0.1336673930883392,0.16306348066414683,0.0319966807613681,0.0796739595729147
tolokers-2,0,11,camada inteira,0.44791860462025856,0.31181796385357924,0.1819071023121545,0.19460574830174276
tolokers-2,1,0,LimiX,0.16929852370869425,0.17119494439955774,0.857222649975196,0.454396685906938
tolokers-2,1,0,grafo: atenção,0.0009761717814032304,0.012550332142032798,0.002823220751950818,0.02322142874148103
tolokers-2,1,0,grafo: MLP,0.0019817526241563384,0.015431370085613764,0.01903322961124729,0.06220234187217265
tolokers-2,1,0,camada inteira,0.17004268511026044,0.17184603611227872,0.857739675363791,0.45456261063955755
tolokers-2,1,1,LimiX,0.04435034772892965,0.06616171166858979,0.48824339355422613,0.3289939738351749
tolokers-2,1,1,grafo: atenção,0.001990679855293772,0.017781738702914628,0.0008042283109080799,0.01219431078637873
tolokers-2,1,1,grafo: MLP,0.001197247006869543,0.015156640407139942,0.0006098540216968763,0.011104042696995624
tolokers-2,1,1,camada inteira,0.04676928676118224,0.07117048529560888,0.4894878578852877,0.32945487779265686
tolokers-2,1,2,LimiX,0.05052341805231626,0.09739635125675482,0.015294454661634888,0.055737749633385354
tolokers-2,1,2,grafo: atenção,0.0012218062761326653,0.013967233103029483,0.0001197751985654639,0.004913940599101439
tolokers-2,1,2,grafo: MLP,0.0005738891395322178,0.010695203039695967,0.000815609277989974,0.012847951575261843
tolokers-2,1,2,camada inteira,0.05074292004645773,0.09751946774475152,0.015668376096083673,0.05641841735234279
tolokers-2,1,3,LimiX,0.1035804687142224,0.1403694201247596,0.019623148050446102,0.06314381045496757
tolokers-2,1,3,grafo: atenção,0.003925241978475733,0.02644428664107171,0.0013266566749737842,0.016139811833279012
tolokers-2,1,3,grafo: MLP,0.0056040708439124304,0.031509978603970125,0.0022210052037502656,0.020879909670737044
tolokers-2,1,3,camada inteira,0.11282287818870458,0.14744278675443562,0.023194788940279737,0.06867441139340141
tolokers-2,1,4,LimiX,0.07617523394209098,0.1243988595735146,0.045364663921501465,0.09616691836627729
tolokers-2,1,4,grafo: atenção,0.012533404064167237,0.04802996017901478,0.011187118606689937,0.04641427338647108
tolokers-2,1,4,grafo: MLP,0.009236582436686928,0.04086010662007332,0.002019725584368799,0.019350393050719242
tolokers-2,1,4,camada inteira,0.0966544578997769,0.14046910867048784,0.06262419123083232,0.11305108350176876
tolokers-2,1,5,LimiX,0.25277185715208633,0.23029416806642286,0.14986115381463785,0.17642628600261032
tolokers-2,1,5,grafo: atenção,0.009488145517114677,0.040912660567334676,0.007592146714062813,0.03825696555718598
tolokers-2,1,5,grafo: MLP,0.01132640983121046,0.044792264237851154,0.0037908034120538244,0.027296185054164476
tolokers-2,1,5,camada inteira,0.25997560120687063,0.23382820958847986,0.15835174211626252,0.18146803328820396
tolokers-2,1,6,LimiX,0.3200476690583825,0.261510581839942,0.2516409073661769,0.2307509373911137
tolokers-2,1,6,grafo: atenção,0.00904383158923047,0.03965147284643353,0.007019157773727709,0.03672345725640473
tolokers-2,1,6,grafo: MLP,0.013044841729970879,0.04832448653259401,0.004410234300082994,0.029283260607509905
tolokers-2,1,6,camada inteira,0.3274607248788059,0.26474467286798187,0.25507481688645706,0.23237483703965087
tolokers-2,1,7,LimiX,0.1908306075057735,0.1993320244522551,0.1373159838772604,0.16863969840524012
tolokers-2,1,7,grafo: atenção,0.009736696650301309,0.04188654453862019,0.0062541938240334586,0.034165510076504625
tolokers-2,1,7,grafo: MLP,0.013099341883099027,0.048739460428742463,0.006805245101108315,0.03604397183046735
tolokers-2,1,7,camada inteira,0.20968721326805317,0.2091107466111453,0.13885036087504724,0.16958745909381495
tolokers-2,1,8,LimiX,0.3061091039590884,0.2550697185406499,0.19001222848554286,0.19941682733548202
tolokers-2,1,8,grafo: atenção,0.03525809957694516,0.08055659775576285,0.001651851776967954,0.016957875338008924
tolokers-2,1,8,grafo: MLP,0.03438786204891596,0.07788003361510412,0.001788994207799429,0.018913801074827773
tolokers-2,1,8,camada inteira,0.3195766121695376,0.26082727431078023,0.1903177445364913,0.19958753891301204
tolokers-2,1,9,LimiX,0.4199740847475369,0.30209727169185957,0.2252656110662442,0.21783289242070125
tolokers-2,1,9,grafo: atenção,0.031473464683312996,0.07549356834943394,0.003074328975754988,0.02421474015229503
tolokers-2,1,9,grafo: MLP,0.030952150641656007,0.07456282194733209,0.0026135356780160953,0.02249785892501351
tolokers-2,1,9,camada inteira,0.44689413846301046,0.31236945007572586,0.22934795351883622,0.21989226230858158
tolokers-2,1,10,LimiX,0.12771846546582033,0.16109125617317016,0.04642819704951337,0.09695212818280202
tolokers-2,1,10,grafo: atenção,0.02850296276261784,0.07409643371646718,0.008194407319161996,0.04057573990550145
tolokers-2,1,10,grafo: MLP,0.034978860163333965,0.08202100546620468,0.010982747002696873,0.0467434237632546
tolokers-2,1,10,camada inteira,0.16322978902662016,0.18277441090640414,0.07133069507433427,0.12057688032804675
tolokers-2,1,11,LimiX,0.2262771097133539,0.21695326146600677,0.10062335851590552,0.1438491246002581
tolokers-2,1,11,grafo: atenção,0.047208520748353,0.09496528537342006,0.009818429342235835,0.04376194461987238
tolokers-2,1,11,grafo: MLP,0.13264222415671165,0.16232788033229423,0.030833526470029692,0.07822069508540747
tolokers-2,1,11,camada inteira,0.4432430722290552,0.31004693408415873,0.17902798234971476,0.19305734815528147
tolokers-2,2,0,LimiX,0.169557671761125,0.17137130243565757,0.8574236282540395,0.4544613256150784
tolokers-2,2,0,grafo: atenção,0.0009747108043098801,0.012542097303380595,0.0028197872360476045,0.02319999247138874
tolokers-2,2,0,grafo: MLP,0.0019926555098028847,0.015445467100780198,0.01919802323548361,0.062471841240632084
tolokers-2,2,0,camada inteira,0.17025772768152125,0.1719945419219484,0.857643338668147,0.4545316287951491
tolokers-2,2,1,LimiX,0.04427652048175874,0.06611914430498221,0.4872504750395682,0.3286260211782015
tolokers-2,2,1,grafo: atenção,0.001986224026145737,0.01777147500254532,0.0008065478175211119,0.0122193988279912
tolokers-2,2,1,grafo: MLP,0.001193801939978008,0.015139777016461582,0.0006100636939746518,0.01110578117237237
tolokers-2,2,1,camada inteira,0.046689580966048486,0.07111595798983425,0.48850484756286616,0.3290909506992346
tolokers-2,2,2,LimiX,0.05056026898523264,0.09743014192669149,0.015323818422699767,0.055791673729665946
tolokers-2,2,2,grafo: atenção,0.0012158698541007166,0.013939282647907685,0.00012026446579557663,0.004924004417865677
tolokers-2,2,2,grafo: MLP,0.0005733740378563539,0.010690925100312738,0.0008162254085502924,0.012852903869104083
tolokers-2,2,2,camada inteira,0.05077024519210325,0.09754397540402115,0.01569810535871024,0.05647232991405733
tolokers-2,2,3,LimiX,0.1035775138673996,0.1403716370584839,0.019659037131798198,0.06320197927155433
tolokers-2,2,3,grafo: atenção,0.003925953437709044,0.02642711339078058,0.0013299226242709924,0.016160296501672236
tolokers-2,2,3,grafo: MLP,0.00560403171215721,0.0315315625620997,0.002216627971105243,0.020858435192394716
tolokers-2,2,3,camada inteira,0.1128048456370131,0.14742750780054006,0.0232307515544904,0.06872792601258726
tolokers-2,2,4,LimiX,0.07602154836580167,0.12427552266991705,0.045431049674577596,0.09623683802202677
tolokers-2,2,4,grafo: atenção,0.012799501596882278,0.04856425398429629,0.01118487693586929,0.04641351354693258
tolokers-2,2,4,grafo: MLP,0.009601187574660195,0.04152909591986062,0.0020171156184587476,0.0193597785829315
tolokers-2,2,4,camada inteira,0.0972204053019957,0.14088479971594625,0.06272120414041092,0.11314149143046336
tolokers-2,2,5,LimiX,0.2509157150164536,0.22943742859812305,0.1485585610379707,0.17563406893721062
tolokers-2,2,5,grafo: atenção,0.009470013339168831,0.04085193207626845,0.007700690765366441,0.038494674219792725
tolokers-2,2,5,grafo: MLP,0.011718153440384698,0.0456170753883199,0.0038253059124074744,0.027418650425551666
tolokers-2,2,5,camada inteira,0.25885594106549387,0.23332484424475317,0.15736215132390982,0.1808786457994986
tolokers-2,2,6,LimiX,0.31854237105955685,0.26084803809926466,0.2528202648391731,0.23131252657564016
tolokers-2,2,6,grafo: atenção,0.009374025739086092,0.040353370355146904,0.00735804692880875,0.03764085680440661
tolokers-2,2,6,grafo: MLP,0.013309245017406315,0.04866458620746758,0.004502061521084449,0.029569515374976745
tolokers-2,2,6,camada inteira,0.32601513714680347,0.26411165842895834,0.25651423845288435,0.23305573977539154
tolokers-2,2,7,LimiX,0.19119086881926545,0.199526935731973,0.13681554519464442,0.16832293615239358
tolokers-2,2,7,grafo: atenção,0.010101342317592483,0.04258890204510922,0.006334108902175069,0.034412480995648975
tolokers-2,2,7,grafo: MLP,0.013391684445154772,0.04925616251353416,0.006769242656599266,0.035971167091384766
tolokers-2,2,7,camada inteira,0.21054997742944248,0.20955543029418597,0.13815832728306895,0.16915045475718724
tolokers-2,2,8,LimiX,0.30471086405368847,0.2544616462032397,0.18867083342868574,0.1986880273142215
tolokers-2,2,8,grafo: atenção,0.035209049119686926,0.08019295833360593,0.00167973677061979,0.017106503267927113
tolokers-2,2,8,grafo: MLP,0.034247470088900195,0.07781052284011622,0.0018601963631115304,0.019292887471680332
tolokers-2,2,8,camada inteira,0.32092704425055935,0.26142436420129667,0.18900781000853373,0.19887644445063724
tolokers-2,2,9,LimiX,0.41633718900061495,0.300689148223141,0.22555646091646095,0.21797848748065884
tolokers-2,2,9,grafo: atenção,0.031222122218137895,0.07489299812852461,0.003123541382032025,0.02441204683458288
tolokers-2,2,9,grafo: MLP,0.0304333290532244,0.0731589502636094,0.0026364936547458233,0.022568187336947373
tolokers-2,2,9,camada inteira,0.44419473096058987,0.3113239709645315,0.2294144791285257,0.21992406310717955
tolokers-2,2,10,LimiX,0.12813298096140763,0.16133169764939093,0.047081134229867476,0.09763537820273374
tolokers-2,2,10,grafo: atenção,0.02840937637488224,0.07388331738589193,0.008252742666046076,0.04074199769871566
tolokers-2,2,10,grafo: MLP,0.035475012486384065,0.08251805222937411,0.0112380602967364,0.047278099921546496
tolokers-2,2,10,camada inteira,0.1642694159438909,0.18339823177877254,0.07185550485319174,0.12103248415242901
tolokers-2,2,11,LimiX,0.23065235938992437,0.2190630157086174,0.10289700315364264,0.14547997094119844
tolokers-2,2,11,grafo: atenção,0.049445925970922414,0.0970881814969268,0.010730630585728955,0.045605344176686664
tolokers-2,2,11,grafo: MLP,0.13028944414482121,0.16093356638013234,0.03257211286697453,0.08030562412983233
tolokers-2,2,11,camada inteira,0.44983208036754024,0.312576021021285,0.18576118723719645,0.1967066022564195
cora,0,0,LimiX,0.13082836156757754,0.15546322177282526,0.7283378434701129,0.4124266247140284
cora,0,0,grafo: atenção,0.0015668308974273704,0.01597558482639651,0.009536060588753484,0.0433839251319196
cora,0,0,grafo: MLP,0.0008672387344194052,0.012585569100968351,0.006661489373798311,0.03675816735003225
cora,0,0,camada inteira,0.1328365739088886,0.15691379661488483,0.7403052024009443,0.41637774791301596
cora,0,1,LimiX,0.024264297445756318,0.051885579654502176,0.5230059757410923,0.3417250731281031
cora,0,1,grafo: atenção,0.0010842384180911662,0.013199007874253963,0.0002871795421077455,0.0073733151516067645
cora,0,1,grafo: MLP,0.0013218790267754887,0.016157683966768883,0.0007171277595086262,0.012055454967177916
cora,0,1,camada inteira,0.0266275560838257,0.05709559263842868,0.5245309514791423,0.34227721787687404
cora,0,2,LimiX,0.0610113552437223,0.10761119143977803,0.012946255110505957,0.05124399298076689
cora,0,2,grafo: atenção,0.0006628531820307978,0.01055627259633618,0.00013496281109123587,0.0049096468453095335
cora,0,2,grafo: MLP,0.0005301121033243593,0.01033257042758693,0.0007727344366620263,0.01251135734011451
cora,0,2,camada inteira,0.061051452434478425,0.10757827743560122,0.014216945921520579,0.05371328454894069
cora,0,3,LimiX,0.14851918559935026,0.1719849797521857,0.02162500779576762,0.06628497590157102
cora,0,3,grafo: atenção,0.003447717875795472,0.025403738945105094,0.0016658332117621402,0.018243220736304546
cora,0,3,grafo: MLP,0.0044965748967960295,0.029511057253564264,0.0019699158698227547,0.019942503480525033
cora,0,3,camada inteira,0.15342382056169906,0.17512903225303406,0.024622088280793663,0.07075381056170597
cora,0,4,LimiX,0.0877495538432173,0.1338631750518983,0.04498496308133609,0.09582492198528159
cora,0,4,grafo: atenção,0.008740865949613758,0.040867728841314774,0.013840323296662804,0.052692270724572866
cora,0,4,grafo: MLP,0.005737645815763603,0.03281245029273873,0.002108370403634425,0.020363370948862806
cora,0,4,camada inteira,0.10026057910869696,0.14331582948982494,0.056484715589481725,0.10745375921421704
cora,0,5,LimiX,0.23597906306763744,0.22249685538220088,0.14469006499768788,0.1733381206001448
cora,0,5,grafo: atenção,0.010273652703201725,0.04268229972379137,0.00823914596224871,0.03939936985479337
cora,0,5,grafo: MLP,0.011551056218873508,0.046414827718920915,0.0035158885973636234,0.026071382088824598
cora,0,5,camada inteira,0.2547096363003513,0.2316094439274023,0.15113479994539158,0.17721940275293274
cora,0,6,LimiX,0.3248869325497026,0.2637053055698331,0.230022442303714,0.22023219408647293
cora,0,6,grafo: atenção,0.00710833268259056,0.03548686176656254,0.005170332679867373,0.031330165090590625
cora,0,6,grafo: MLP,0.011902345231471316,0.04604964991273354,0.004190057980308652,0.028653881631536277
cora,0,6,camada inteira,0.32487215682262766,0.2637190091795082,0.2287469786646953,0.21960104588778961
cora,0,7,LimiX,0.19096894305910417,0.19970634899347278,0.14016834152079075,0.17052883968175014
cora,0,7,grafo: atenção,0.008953761053140531,0.03954499181604056,0.006101622017001809,0.03389198386409201
cora,0,7,grafo: MLP,0.015072676791769383,0.05212997368906942,0.004982525685865931,0.03134360863040912
cora,0,7,camada inteira,0.21045087565870893,0.2098950120264282,0.141093768063364,0.17106987308490312
cora,0,8,LimiX,0.3051925647605693,0.2549277049794902,0.16925940112532856,0.1878962175125645
cora,0,8,grafo: atenção,0.033436588310349215,0.07885419577627849,0.0019110612037397249,0.018665717769634688
cora,0,8,grafo: MLP,0.04107021039543744,0.08463709956610044,0.0020150438276035393,0.01985949222172532
cora,0,8,camada inteira,0.32953267065302005,0.26524279989345884,0.1667380407220478,0.1864450876586534
cora,0,9,LimiX,0.416586888136752,0.3013040924163639,0.22757152902003017,0.21902760538356697
cora,0,9,grafo: atenção,0.07202595802851411,0.11736632918230269,0.005612980910922136,0.03295832185359016
cora,0,9,grafo: MLP,0.0422007630668889,0.08931482575402212,0.003175670855513243,0.02523068104206216
cora,0,9,camada inteira,0.45799256893987783,0.3170950756829115,0.22567363988573305,0.21805931400287187
cora,0,10,LimiX,0.1805004963708631,0.19287571360134137,0.05732804295429931,0.10778097942982136
cora,0,10,grafo: atenção,0.06019866588829644,0.10734914645419977,0.007108853984844648,0.03780981164855007
cora,0,10,grafo: MLP,0.05692514546488882,0.1053907193463312,0.007360293486407984,0.038452715888573005
cora,0,10,camada inteira,0.2437070217373947,0.22525560838257017,0.07180081423940689,0.12098458548572576
cora,0,11,LimiX,0.2983679332258773,0.25180989011537386,0.2031037042445483,0.20621692502981406
cora,0,11,grafo: atenção,0.05363026553891872,0.10254989088573895,0.007141130364201151,0.0372488372422453
cora,0,11,grafo: MLP,0.14443657228706736,0.17044354783374585,0.022205740491920544,0.06577324792974834
cora,0,11,camada inteira,0.5194550711854765,0.33973571955217774,0.28320150880427375,0.24543479372779156
cora,1,0,LimiX,0.13081727002574953,0.1554562822492914,0.7283252941856503,0.41242248915437596
cora,1,0,grafo: atenção,0.0015669158749144645,0.015965650684034292,0.009540362521495403,0.043394222437778365
cora,1,0,grafo: MLP,0.0008681587908500121,0.012592359990044513,0.006663150876481956,0.036762727755252446
cora,1,0,camada inteira,0.13282947844100562,0.15690898183310711,0.7402933186088395,0.4163738024940372
cora,1,1,LimiX,0.024285498567339265,0.05189552110675576,0.5233599226051402,0.34185320417457654
cora,1,1,grafo: atenção,0.001093037090661678,0.013246288251589385,0.000288088605782696,0.0073854440469236764
cora,1,1,grafo: MLP,0.001326368518387554,0.016184175013068135,0.0007175620285521415,0.012059099577669043
cora,1,1,camada inteira,0.026651812739998355,0.05711127479203262,0.5248916008019373,0.34240765437901577
cora,1,2,LimiX,0.06104053633004312,0.10760218565361891,0.012914170357297142,0.051180390925422266
cora,1,2,grafo: atenção,0.0006609924339554239,0.010543904260150106,0.00013498852836008756,0.004909435907999675
cora,1,2,grafo: MLP,0.0005303140390732602,0.010334517295319923,0.0007733117754214277,0.012516020243041612
cora,1,2,camada inteira,0.061095701643528684,0.10758185440910815,0.014188267360223787,0.053658963735229874
cora,1,3,LimiX,0.14872161111097248,0.17207228909462455,0.021474749128395153,0.06605450757938754
cora,1,3,grafo: atenção,0.003448153118910373,0.025403980171520072,0.0016613567358236818,0.01821520023999556
cora,1,3,grafo: MLP,0.004541082693253255,0.029662995782173192,0.001980839488662292,0.019997298160446025
cora,1,3,camada inteira,0.1536242675293924,0.17521462620763303,0.02443886694507064,0.07048956850236078
cora,1,4,LimiX,0.08731343597798315,0.13352274853786578,0.04490748075681312,0.09574227021119305
cora,1,4,grafo: atenção,0.008704383500136607,0.04078036832963641,0.013695338062036818,0.05239022038064642
cora,1,4,grafo: MLP,0.005795590106282312,0.03295014671634222,0.0020733629803048486,0.020195145473301968
cora,1,4,camada inteira,0.09996304703718212,0.14310051907636034,0.05637001916998272,0.10734280024733499
cora,1,5,LimiX,0.23603814648289353,0.22254463283214898,0.14504462981892524,0.17355839857059846
cora,1,5,grafo: atenção,0.010313127334876767,0.04279371221468422,0.008149008141871182,0.03914726411813516
cora,1,5,grafo: MLP,0.011792774833201925,0.04669706262444359,0.00348326498845656,0.025950809134129796
cora,1,5,camada inteira,0.25500678825751527,0.23176314657646013,0.15144026093765212,0.17740662001375096
cora,1,6,LimiX,0.3231355215652321,0.2629549403481676,0.23029831265363365,0.22036973709629332
cora,1,6,grafo: atenção,0.007058223377297684,0.035352871457880054,0.005174689946516281,0.03137308637672496
cora,1,6,grafo: MLP,0.011822281209688385,0.04584080631649467,0.004161301431626174,0.028553710176937305
cora,1,6,camada inteira,0.3231439815461695,0.2629798719509761,0.22894524785217096,0.2197002993194485
cora,1,7,LimiX,0.1912782976615833,0.19987005157391513,0.14070233971901772,0.17086404580564885
cora,1,7,grafo: atenção,0.008760553923684578,0.03908926394891014,0.006069820617960992,0.03383976648158373
cora,1,7,grafo: MLP,0.014336853380655165,0.05091809603957494,0.005062291555315535,0.0316378453810267
cora,1,7,camada inteira,0.20992025551793483,0.20963047193126472,0.14138443373445408,0.17125200408270055
cora,1,8,LimiX,0.30545478518354024,0.25503910772386124,0.16908421026212034,0.18779502702279255
cora,1,8,grafo: atenção,0.03236266780391682,0.07766162111324304,0.0018596912841559198,0.018417327203483224
cora,1,8,grafo: MLP,0.03999301993093537,0.08348611331165914,0.002026372423795896,0.019931851146377137
cora,1,8,camada inteira,0.3275770115573476,0.26442485228951257,0.16651476803598375,0.1863152809974932
cora,1,9,LimiX,0.4179164306708851,0.30183059952493113,0.22842122015551986,0.2194528550002434
cora,1,9,grafo: atenção,0.07018575623028864,0.1158163398177073,0.0055313102924192436,0.03274343021190798
cora,1,9,grafo: MLP,0.041471586783654035,0.08850872992060561,0.003211342285726672,0.025376281262929568
cora,1,9,camada inteira,0.45811221724170625,0.31714610847114655,0.22660521034882447,0.21852903276960425
cora,1,10,LimiX,0.17849672844350073,0.1917782942308076,0.05676012247150932,0.1072475278860312
cora,1,10,grafo: atenção,0.05818849449610014,0.10556219965118369,0.006997673682334639,0.037505975764859874
cora,1,10,grafo: MLP,0.05681472224596042,0.10531334170962414,0.007304516908164336,0.03831187215549552
cora,1,10,camada inteira,0.2405322871858657,0.2237286013164198,0.07104625285971573,0.12034225463867188
cora,1,11,LimiX,0.29793045084758873,0.25162369256257733,0.2052895138939593,0.2073766880689009
cora,1,11,grafo: atenção,0.052265620906460836,0.10127084508114097,0.007037907003242278,0.03699731678234825
cora,1,11,grafo: MLP,0.14523442256302646,0.17079387681394467,0.022392155596771716,0.06602958132544783
cora,1,11,camada inteira,0.5177116913349834,0.33910987589324926,0.2853038942331094,0.2464017065886025
cora,2,0,LimiX,0.13083933615114376,0.15547197414941713,0.7282768083138629,0.41240646980261875
cora,2,0,grafo: atenção,0.0015680961177907708,0.015976418154011886,0.009538437347174434,0.043388782631942416
cora,2,0,grafo: MLP,0.0008676428343513121,0.012588422395230349,0.0066671178348339235,0.036773681640625
cora,2,0,camada inteira,0.13282738293881494,0.1569067693726546,0.7402437869633469,0.41635749793126947
cora,2,1,LimiX,0.02426328137085687,0.05185870849385205,0.5234582253334307,0.341888879318475
cora,2,1,grafo: atenção,0.0010864504978201708,0.013214782619815162,0.0002874625481177713,0.0073761457223387155
cora,2,1,grafo: MLP,0.001325940128295806,0.01618295426121053,0.0007171739484662207,0.012055838219473295
cora,2,1,camada inteira,0.026622921612701606,0.057062371618814625,0.5249896183192173,0.34244321068499317
cora,2,2,LimiX,0.061057163896263325,0.10760281917753703,0.012939485805428289,0.051230445457767476
cora,2,2,grafo: atenção,0.0006626664752222363,0.010563091506662566,0.00013569944372801023,0.00491852255253777
cora,2,2,grafo: MLP,0.0005305526765683791,0.010337102560231945,0.0007725058593482614,0.012509476730013933
cora,2,2,camada inteira,0.06110665673405126,0.107579515243872,0.014214093811415437,0.05370776452750803
cora,2,3,LimiX,0.1486748472992934,0.17203137319603576,0.021364526956623588,0.06588349386910412
cora,2,3,grafo: atenção,0.003446482808733944,0.025405697995990358,0.001672741408660033,0.018280038209719077
cora,2,3,grafo: MLP,0.0045370729132618816,0.02964861722586231,0.0019904705594261858,0.020046599557466595
cora,2,3,camada inteira,0.15354165601046948,0.1751516831697373,0.02434858726192486,0.07035803869134541
cora,2,4,LimiX,0.08728883575691644,0.1335072125820891,0.04517325285439179,0.0960271781850084
cora,2,4,grafo: atenção,0.008711496024432736,0.04078313390520205,0.013770978398783556,0.05254194075444777
cora,2,4,grafo: MLP,0.005683413731742036,0.03265444942755948,0.002081214453201056,0.02023274133509936
cora,2,4,camada inteira,0.09980091364675236,0.14298282982541718,0.056710977049260126,0.10767100681768399
cora,2,5,LimiX,0.23584588659352668,0.22244137818001716,0.1439647020951981,0.17289453429225077
cora,2,5,grafo: atenção,0.010190760362618954,0.04248975231203092,0.008265871125218281,0.03943151551243672
cora,2,5,grafo: MLP,0.011542669336849774,0.0462769729143379,0.0035153118620780397,0.026072808143877167
cora,2,5,camada inteira,0.25458499777935245,0.2315574364869855,0.15058818115994937,0.17689322831103363
cora,2,6,LimiX,0.32451615536673123,0.26355023840772085,0.23115401698792834,0.22079577104324863
cora,2,6,grafo: atenção,0.007036715849435107,0.03528264045829549,0.005156637352203655,0.031324576737353366
cora,2,6,grafo: MLP,0.011857893782093346,0.04579538752482634,0.0042082075018006326,0.028719530670070947
cora,2,6,camada inteira,0.32449582412222044,0.2635619732199888,0.2299249476732866,0.22018948373764846
cora,2,7,LimiX,0.1905565092418859,0.19947742268902952,0.14001044157509493,0.17043157084337276
cora,2,7,grafo: atenção,0.008901810873539424,0.03942823823119186,0.006080167315830694,0.03386985030129691
cora,2,7,grafo: MLP,0.014406675026323406,0.05106190596898828,0.004983294418667707,0.031382141826308774
cora,2,7,camada inteira,0.20938051263273982,0.20934534718202324,0.14092335448458188,0.17096581860123394
cora,2,8,LimiX,0.30464488820661506,0.2546941003445746,0.1692987364771953,0.18791833324967144
cora,2,8,grafo: atenção,0.03214740368643085,0.07750478008416005,0.0018509689521195361,0.018361822466983972
cora,2,8,grafo: MLP,0.03977153753252999,0.08342871604467743,0.0020016179277889453,0.019815379585432485
cora,2,8,camada inteira,0.327322666324005,0.26432052551998086,0.16661463942483207,0.18637346404363805
cora,2,9,LimiX,0.41746411408639067,0.30165354420959917,0.2281519809615946,0.21931752237575447
cora,2,9,grafo: atenção,0.07025835807130525,0.11584128116703761,0.005477416552487192,0.03260094354457201
cora,2,9,grafo: MLP,0.04175191624416144,0.08875039492906403,0.0031908163771822446,0.025295052572945568
cora,2,9,camada inteira,0.45750571068206314,0.31692129519891016,0.22631092012114243,0.2183800337841949
cora,2,10,LimiX,0.17992617282626053,0.19256655392929858,0.05672284895757277,0.10721417008159316
cora,2,10,grafo: atenção,0.05893242214010539,0.10619529472234421,0.006979171360764548,0.037455686527620595
cora,2,10,grafo: MLP,0.05682553113865573,0.10531168480091521,0.007322846914748908,0.0383591547933323
cora,2,10,camada inteira,0.24191789171349157,0.2244046395627071,0.07091799109152916,0.12022970324364778
cora,2,11,LimiX,0.29856836070052695,0.2519009421221905,0.20531309133749515,0.2073974609375
cora,2,11,grafo: atenção,0.05303568872197992,0.10196378379625934,0.00706787569871944,0.03708293653351496
cora,2,11,grafo: MLP,0.14577554945431953,0.17111017093995767,0.022029092378705463,0.06547492909654279
cora,2,11,camada inteira,0.5201215383473392,0.33997677052976166,0.28503681788934726,0.2462840808143497
pubmed,0,0,LimiX,0.12905466553591427,0.15446475140124655,0.7412514268136033,0.4166898776417911
pubmed,0,0,grafo: atenção,0.0017186596104850377,0.01668067530825111,0.0102849895218997,0.04565697805002274
pubmed,0,0,grafo: MLP,0.0009511422842910995,0.01283186116487487,0.009380600135493886,0.043632961819868955
pubmed,0,0,camada inteira,0.13114570191649338,0.15597087887784447,0.7533199498349824,0.4206602584917269
pubmed,0,1,LimiX,0.02693968002921234,0.05391108067992328,0.5431885349366637,0.34899067096406494
pubmed,0,1,grafo: atenção,0.0015819417983560498,0.016000309708601373,0.0001380722083789247,0.005280269722357076
pubmed,0,1,grafo: MLP,0.0013557046791919855,0.01630026712868851,0.0006592451522422721,0.011558773547081968
pubmed,0,1,camada inteira,0.029876461883390687,0.060367673869030566,0.5423039117446234,0.3486740532257116
pubmed,0,2,LimiX,0.06166759086813204,0.10801261225778892,0.01396414093127806,0.053250009047995386
pubmed,0,2,grafo: atenção,0.0009338893062030969,0.012619415058273043,8.787036384783956e-05,0.00419825685711366
pubmed,0,2,grafo: MLP,0.0005186085034757068,0.010215955186550586,0.0007466361197255093,0.012300809305306217
pubmed,0,2,camada inteira,0.06189702373466305,0.10817329357366191,0.014824557087274294,0.05487252591663832
pubmed,0,3,LimiX,0.15285429451742152,0.174197514659287,0.023863789751066733,0.06964618997049397
pubmed,0,3,grafo: atenção,0.00424895986440288,0.027789287757709082,0.0013394321085156578,0.016459176891750155
pubmed,0,3,grafo: MLP,0.004810937110996873,0.03024207295156361,0.0016284131346395616,0.01813817969075405
pubmed,0,3,camada inteira,0.1598310963949,0.17870242253477928,0.026447452363328943,0.07334745040034243
pubmed,0,4,LimiX,0.08827085346975583,0.13413493928959644,0.04012891679460959,0.09047109682768463
pubmed,0,4,grafo: atenção,0.009738711197513652,0.042463218616480634,0.01520806389361485,0.05535340172086041
pubmed,0,4,grafo: MLP,0.005444163104856224,0.03185548484021883,0.001396142666850624,0.016738938370756223
pubmed,0,4,camada inteira,0.09997516510866943,0.1430150453880175,0.05399471200870316,0.10505264001999526
pubmed,0,5,LimiX,0.23237269675879918,0.2207684496820894,0.14808113970263853,0.1754252079660315
pubmed,0,5,grafo: atenção,0.010576964077325491,0.04379246679942641,0.004557862179673639,0.0295159861497733
pubmed,0,5,grafo: MLP,0.014710260016115705,0.052596182509108615,0.0032163132799843982,0.02517594314515424
pubmed,0,5,camada inteira,0.25163291893639594,0.23019964175944344,0.15077414015105148,0.17704024409243527
pubmed,0,6,LimiX,0.31631134180409554,0.26005164804963204,0.21600413522576245,0.2131608601182149
pubmed,0,6,grafo: atenção,0.008553796594489389,0.039024311164078125,0.004057561295402555,0.02840458127206295
pubmed,0,6,grafo: MLP,0.015146216932003388,0.05188992899228475,0.0021114455614751238,0.020438394208353933
pubmed,0,6,camada inteira,0.3164155828623674,0.2601198266707012,0.21497483104778195,0.2126339152997342
pubmed,0,7,LimiX,0.20158003378721065,0.2053974315106048,0.14603332746196887,0.17416741551196774
pubmed,0,7,grafo: atenção,0.011701026831449213,0.044948157475576705,0.006236655487621001,0.03530848159087531
pubmed,0,7,grafo: MLP,0.016122308572230338,0.05476553287613481,0.006212252447901928,0.03528133682846362
pubmed,0,7,camada inteira,0.2218456322718151,0.2157449762749322,0.14661575878613137,0.17451470763138607
pubmed,0,8,LimiX,0.3060366528009853,0.2553419740682002,0.1619103625716189,0.18364406356116778
pubmed,0,8,grafo: atenção,0.045078357732566146,0.09149347130134648,0.0019137823564108593,0.019399907355234062
pubmed,0,8,grafo: MLP,0.049967582224926976,0.09461994940614081,0.0015015309804355637,0.017396696041891386
pubmed,0,8,camada inteira,0.3434894669625882,0.2711886175018402,0.15959831719457446,0.18228697913851458
pubmed,0,9,LimiX,0.4062595577506172,0.2971514626217738,0.20467856005891666,0.20728915823362862
pubmed,0,9,grafo: atenção,0.06711504823446018,0.11319684595943068,0.0032309809044976075,0.025295736321890142
pubmed,0,9,grafo: MLP,0.03703340226086797,0.08416341014202314,0.0034347795582608436,0.026311814327136168
pubmed,0,9,camada inteira,0.44116209096896764,0.3106421981682702,0.20971907284638583,0.20990908385451112
pubmed,0,10,LimiX,0.173058412838112,0.18905645157697637,0.055966518293618366,0.10689010034046793
pubmed,0,10,grafo: atenção,0.05870850726119181,0.10620481191888877,0.006786169353018774,0.037066973001030165
pubmed,0,10,grafo: MLP,0.056898771276998585,0.10521166391046484,0.007155122401337479,0.03800798276315272
pubmed,0,10,camada inteira,0.23950644921672065,0.22343391356786366,0.07790646793435148,0.12640348256783526
pubmed,0,11,LimiX,0.26287999260481765,0.2353146580704811,0.10411796719252762,0.14641954241809532
pubmed,0,11,grafo: atenção,0.04782411676317871,0.09674751138662753,0.0077997225010244045,0.03922288379124843
pubmed,0,11,grafo: MLP,0.14557717847748342,0.1720678764783511,0.03006960454559365,0.07792203800053735
pubmed,0,11,camada inteira,0.497281224212814,0.3313636745849034,0.1932404065912032,0.20106783547309007
pubmed,1,0,LimiX,0.12926653302379001,0.1546060936662559,0.7410595869553467,0.41662664724438175
pubmed,1,0,grafo: atenção,0.0017184896893409245,0.016684452895399805,0.010322464454232867,0.04574025438367614
pubmed,1,0,grafo: MLP,0.0009526916748120834,0.0128388310273435,0.009404765156888886,0.0436892191439635
pubmed,1,0,camada inteira,0.13137104262005006,0.15612161825900683,0.7531696922533957,0.4206108950632249
pubmed,1,1,LimiX,0.027098174708442023,0.05402829297117558,0.5445936383190466,0.349493253884192
pubmed,1,1,grafo: atenção,0.0015797979975698576,0.015989325323149423,0.00013902102505474845,0.005298533868758138
pubmed,1,1,grafo: MLP,0.001354729849703595,0.01629111012759388,0.0006599214013076334,0.011564698679956468
pubmed,1,1,camada inteira,0.03002969344133338,0.060475764799959975,0.5437131075284886,0.349178356320665
pubmed,1,2,LimiX,0.06175559312069842,0.10806087755978515,0.01392821733892258,0.05318182305668186
pubmed,1,2,grafo: atenção,0.000925442265516545,0.01256288176654475,8.854257094385229e-05,0.004214903002881249
pubmed,1,2,grafo: MLP,0.0005189513733470955,0.01021952712811965,0.0007469813578816647,0.012303646507016723
pubmed,1,2,camada inteira,0.06197837772834425,0.10821329289385685,0.014794938991360524,0.05481791812842197
pubmed,1,3,LimiX,0.15308351989776967,0.1743022831340495,0.023667205827624424,0.06935849926955291
pubmed,1,3,grafo: atenção,0.004290669857977288,0.027901002334425704,0.0013318227509937519,0.01641303452166074
pubmed,1,3,grafo: MLP,0.004792029765255648,0.030180461937492374,0.0016414070866834101,0.018209711523017702
pubmed,1,3,camada inteira,0.16015657930065152,0.17886783319700109,0.02619251795179417,0.0729927598214158
pubmed,1,4,LimiX,0.08861324047561851,0.13439817901772924,0.040196552423128924,0.09054810259624434
pubmed,1,4,grafo: atenção,0.009866937658524798,0.04272177183412174,0.01531190896935421,0.05554675837587278
pubmed,1,4,grafo: MLP,0.005731684656512969,0.032618787017676815,0.0014148095911005333,0.01685606318063033
pubmed,1,4,camada inteira,0.1007898227936278,0.14360670227811367,0.05412331991704609,0.10517882446903855
pubmed,1,5,LimiX,0.2318145856993005,0.2204857838927582,0.14879286824707802,0.17585715814798006
pubmed,1,5,grafo: atenção,0.011010071237422536,0.04474489196325643,0.004488868352421643,0.02926523651373
pubmed,1,5,grafo: MLP,0.015583108037696669,0.054135106188804696,0.0032585082136857555,0.02533800596986363
pubmed,1,5,camada inteira,0.25194467027270334,0.2303450453991548,0.15154548020524655,0.17750464472043198
pubmed,1,6,LimiX,0.3163575242125399,0.2600655643487099,0.21508844952656814,0.21269024636778566
pubmed,1,6,grafo: atenção,0.008923782776552149,0.03985706766797482,0.004127774614826153,0.02865044867003286
pubmed,1,6,grafo: MLP,0.015872078562418356,0.05309251422300382,0.002153261611339986,0.020642468577187635
pubmed,1,6,camada inteira,0.3168224485421416,0.26029265061344375,0.21405443194536297,0.2121600288701226
pubmed,1,7,LimiX,0.2020090804092435,0.20561034446111806,0.14476526829659916,0.1733878409746687
pubmed,1,7,grafo: atenção,0.011948274896692763,0.04540342901250327,0.006139147055441992,0.03502446605587088
pubmed,1,7,grafo: MLP,0.01651635645840287,0.05541507372607874,0.006127988430383568,0.035036948579018845
pubmed,1,7,camada inteira,0.2223303387356774,0.21597204112173746,0.14561661511027402,0.1738999283264629
pubmed,1,8,LimiX,0.3051239652570357,0.25493887794385145,0.1642195327105961,0.1849909883953156
pubmed,1,8,grafo: atenção,0.045192662540017255,0.09152057568993145,0.0019184165091397421,0.01941947977764958
pubmed,1,8,grafo: MLP,0.05158646974087905,0.09593049371366663,0.0015167723280819397,0.01748365491587712
pubmed,1,8,camada inteira,0.3435936491215565,0.271225033334864,0.16192422022550013,0.18365269238037818
pubmed,1,9,LimiX,0.40658096589546133,0.29727488343506564,0.20310056358143727,0.20645767105567514
pubmed,1,9,grafo: atenção,0.06896145438957875,0.11485674746994294,0.003273554794809101,0.025452928164182726
pubmed,1,9,grafo: MLP,0.037987778464127195,0.0853882345449941,0.0034957055540483155,0.026546138467093465
pubmed,1,9,camada inteira,0.4410323839936452,0.31060024044623313,0.20852966510419316,0.20928823425755616
pubmed,1,10,LimiX,0.17725155063660938,0.19133845690164475,0.05563431108277466,0.10655249584823075
pubmed,1,10,grafo: atenção,0.061986005188150506,0.10916708010408085,0.006803461049503874,0.037117931627757846
pubmed,1,10,grafo: MLP,0.059127199653389376,0.10738727835228278,0.007330865118179364,0.03848702234284781
pubmed,1,10,camada inteira,0.24563206780933314,0.22639559008277943,0.07788399388129467,0.12638116997523147
pubmed,1,11,LimiX,0.2665418104951962,0.23708040296804514,0.10323225569493374,0.14580074212689023
pubmed,1,11,grafo: atenção,0.04794523247190996,0.09692115991961937,0.007941142451564845,0.03960184932828477
pubmed,1,11,grafo: MLP,0.14914914815757838,0.17420531881700385,0.030864445634476982,0.07894875881126952
pubmed,1,11,camada inteira,0.4994925021829153,0.3321996109818801,0.19295213758238955,0.20090373886767438
pubmed,2,0,LimiX,0.12919577621957112,0.15456937262775022,0.7410368955516801,0.41661916417338607
pubmed,2,0,grafo: atenção,0.0017172570708198908,0.016673850016800225,0.010318457634553193,0.045731341456168605
pubmed,2,0,grafo: MLP,0.000951835135455467,0.012835074021485524,0.009392091869768185,0.04365972854746997
pubmed,2,0,camada inteira,0.13127106908404257,0.1560619532645378,0.7531449142838748,0.42060276615041714
pubmed,2,1,LimiX,0.02701576420850388,0.053956281879515754,0.5441776665119296,0.3493445550169787
pubmed,2,1,grafo: atenção,0.0015718099050251943,0.01595010993260506,0.00013779566550828522,0.005274900386042007
pubmed,2,1,grafo: MLP,0.001356567775697627,0.016305553675834854,0.0006595727549192591,0.011561643545446995
pubmed,2,1,camada inteira,0.02993104112379357,0.06037136444584451,0.5432933972908823,0.3490282477794965
pubmed,2,2,LimiX,0.06149282726423487,0.1078729914587871,0.013943988842548634,0.05321174524938635
pubmed,2,2,grafo: atenção,0.0009317504102062073,0.01260366417975245,8.788473360983736e-05,0.004198308914525345
pubmed,2,2,grafo: MLP,0.0005194491257975287,0.010224719135190736,0.0007459421138915767,0.012295082504863188
pubmed,2,2,camada inteira,0.06172100517401467,0.10803258715340651,0.01480785854448469,0.05484173432149449
pubmed,2,3,LimiX,0.1527840196165951,0.17421241350583733,0.023741894871558956,0.06946860520723375
pubmed,2,3,grafo: atenção,0.0042395365614856465,0.027753577377707055,0.0013411479654393155,0.01647039722885673
pubmed,2,3,grafo: MLP,0.004829103362944619,0.03029675526574766,0.0016439038290402325,0.01822354996465755
pubmed,2,3,camada inteira,0.1598012960245583,0.17873850906715155,0.02628858653321455,0.07312709802333656
pubmed,2,4,LimiX,0.088212162991036,0.1340818442447113,0.03996428224643456,0.09028422498336709
pubmed,2,4,grafo: atenção,0.009846961758941813,0.04265773624360718,0.015232022723025075,0.05539891493855958
pubmed,2,4,grafo: MLP,0.005566669723986726,0.032174404489489106,0.0014027467292862881,0.01678257674538253
pubmed,2,4,camada inteira,0.10008104731571671,0.14308449837583564,0.053869470706056126,0.10492868341470278
pubmed,2,5,LimiX,0.23193041117967894,0.22054497769279904,0.14864644379874614,0.17576769974198123
pubmed,2,5,grafo: atenção,0.010708983686949045,0.04404988285892336,0.004505189394073944,0.029324953593781795
pubmed,2,5,grafo: MLP,0.014795383899877524,0.05274439457470162,0.0032175864305878034,0.02518162375859268
pubmed,2,5,camada inteira,0.25119578169185186,0.22998756678538482,0.15123524946981357,0.17731752137040876
pubmed,2,6,LimiX,0.3172511658635229,0.2604551457601411,0.21599866109540336,0.21315823638585332
pubmed,2,6,grafo: atenção,0.008729545590427608,0.03942996740019931,0.0041205120964805195,0.02861447442722277
pubmed,2,6,grafo: MLP,0.015464506760312132,0.052398146317906825,0.002135889742559629,0.020556050750969956
pubmed,2,6,camada inteira,0.31773051516800566,0.2606866655360856,0.21502590223107546,0.21266064942474372
pubmed,2,7,LimiX,0.20153929688710112,0.2053658293570235,0.14545248900727556,0.1738095849929812
pubmed,2,7,grafo: atenção,0.01189991538927642,0.04538030300414719,0.006035808678311807,0.03474194868756995
pubmed,2,7,grafo: MLP,0.016574165288173088,0.055553150426293885,0.006120665946557186,0.035029259024943804
pubmed,2,7,camada inteira,0.22188130918630378,0.21574962664266945,0.14616882693714786,0.17423816934548603
pubmed,2,8,LimiX,0.3071412235668493,0.2558138431611355,0.1637002510536164,0.18468773771946698
pubmed,2,8,grafo: atenção,0.0453105086680927,0.09157639750484559,0.001894306165007528,0.019316649651632926
pubmed,2,8,grafo: MLP,0.05102072252054065,0.0955896862800348,0.0015182967418122038,0.017493205340485814
pubmed,2,8,camada inteira,0.3465756566051521,0.2724667805786336,0.16147830371436542,0.18339037503437866
pubmed,2,9,LimiX,0.40478520644827004,0.29656351371055845,0.20333431484728723,0.20658187761416894
pubmed,2,9,grafo: atenção,0.06895818949409482,0.11481104830351158,0.003316404933864432,0.02563316111174812
pubmed,2,9,grafo: MLP,0.03761714589567378,0.08480159614328217,0.0033917811550395185,0.026149349015672493
pubmed,2,9,camada inteira,0.43981255264526836,0.31012726297549514,0.2085572096364765,0.2093053770106546
pubmed,2,10,LimiX,0.1779473388180936,0.19177583509788507,0.05565673933695296,0.10658199808850696
pubmed,2,10,grafo: atenção,0.060487325126896946,0.10781982145115204,0.0068465793351709355,0.03722889299533881
pubmed,2,10,grafo: MLP,0.05821922673096272,0.10656192241201172,0.007308997609168132,0.038418144710843705
pubmed,2,10,camada inteira,0.24516320793535967,0.22621488701957015,0.07786246064587758,0.12636390612679324
pubmed,2,11,LimiX,0.2668798014712232,0.23721520205588126,0.1054913265183443,0.14740543702177897
pubmed,2,11,grafo: atenção,0.048710210602277294,0.09772248092819134,0.007991461252434823,0.03970449082502218
pubmed,2,11,grafo: MLP,0.14814468478977533,0.17349087026526705,0.030503579193222358,0.07843980441326563
pubmed,2,11,camada inteira,0.4991857224832735,0.33208528207925936,0.1954866630436597,0.2022536879803076
city-roads-M,0,0,LimiX,0.17779217173072207,0.18157669463158294,0.7236021322390894,0.4108592314281606
city-roads-M,0,0,grafo: atenção,0.001507831508630303,0.0162372116448817,0.003894234342214567,0.027551490191183577
city-roads-M,0,0,grafo: MLP,0.0007204204536133069,0.011806576972966639,0.0020500267671084513,0.0203843455058393
city-roads-M,0,0,camada inteira,0.178910213993117,0.18242885048716848,0.727147607189895,0.4120327642513682
city-roads-M,0,1,LimiX,0.01664040856312402,0.05516501116625491,0.04005552863792866,0.09039735067167874
city-roads-M,0,1,grafo: atenção,0.0011128342678903393,0.013785043296158721,0.0016801194452716341,0.018012566935090065
city-roads-M,0,1,grafo: MLP,0.001509803327850361,0.017208452555416965,0.0005856389926967268,0.010892659301426738
city-roads-M,0,1,camada inteira,0.01933654450426975,0.06017405716965553,0.04552590876225146,0.09639610058062205
city-roads-M,0,2,LimiX,0.047423393351953495,0.09402304383841016,0.013762118583901676,0.05285483824917558
city-roads-M,0,2,grafo: atenção,0.0007317953181203148,0.011376847323457093,0.00012494105271319313,0.004927202509283616
city-roads-M,0,2,grafo: MLP,0.0006308124642427858,0.011259582924842417,0.0005936499236241568,0.01096652538454466
city-roads-M,0,2,camada inteira,0.04729801196448335,0.09380343519757592,0.01354952360482524,0.05244761276951503
city-roads-M,0,3,LimiX,0.09552828552632155,0.13520405860878465,0.01934295366605212,0.0626931277272713
city-roads-M,0,3,grafo: atenção,0.006815169919046021,0.035746879698615154,0.001022428786440436,0.014175937372102789
city-roads-M,0,3,grafo: MLP,0.005236873549064447,0.0318175154836423,0.002227906584282586,0.021183066609540693
city-roads-M,0,3,camada inteira,0.10216192534305481,0.14044793099407776,0.021693771951244913,0.06640936095151379
city-roads-M,0,4,LimiX,0.09983910237491897,0.14279366127956009,0.04860944779854869,0.09964788401320628
city-roads-M,0,4,grafo: atenção,0.012213597789964899,0.04910879995292944,0.016233793054278904,0.05699930615049887
city-roads-M,0,4,grafo: MLP,0.009722811878080849,0.04298722591525692,0.002803783820511737,0.02374821696741565
city-roads-M,0,4,camada inteira,0.12043301223506153,0.15727333533734575,0.06459229006242033,0.114976712510082
city-roads-M,0,5,LimiX,0.24570732740306275,0.22680906607546475,0.1682571450519171,0.18729562775275255
city-roads-M,0,5,grafo: atenção,0.015334452494069182,0.053739905163945736,0.010760206660957151,0.04643808790875871
city-roads-M,0,5,grafo: MLP,0.014746345420786025,0.05236543931629594,0.003652138396340308,0.027094935973061656
city-roads-M,0,5,camada inteira,0.2707515233597031,0.23885159047039173,0.18193831994178875,0.19500035340409197
city-roads-M,0,6,LimiX,0.31393664920730174,0.25877906753375796,0.24119015777092992,0.22570655008911866
city-roads-M,0,6,grafo: atenção,0.011497483896719991,0.04637878848233111,0.005855767758962043,0.03418456926790527
city-roads-M,0,6,grafo: MLP,0.021091584062753695,0.061329273702465846,0.006113610359415798,0.03510865950569695
city-roads-M,0,6,camada inteira,0.3250793984969542,0.26361073026358056,0.23473744982566067,0.22253407037608441
city-roads-M,0,7,LimiX,0.2175781694879803,0.21337275264974973,0.14362724887431275,0.17263145925549928
city-roads-M,0,7,grafo: atenção,0.0121840381649607,0.045078763003266284,0.006166782942475212,0.03408818635319253
city-roads-M,0,7,grafo: MLP,0.015862291187109055,0.05273193386467039,0.006505794112017831,0.03621755032405315
city-roads-M,0,7,camada inteira,0.23399954311984944,0.22142813877074097,0.14250887122358571,0.1719272300218324
city-roads-M,0,8,LimiX,0.3021467458160309,0.25333467983620395,0.17932306944007276,0.193568435222852
city-roads-M,0,8,grafo: atenção,0.029855003662387424,0.07416388377239092,0.00169496761749813,0.017905562921527653
city-roads-M,0,8,grafo: MLP,0.03315778247973903,0.0749179362167385,0.0018625021306378912,0.01936462531419697
city-roads-M,0,8,camada inteira,0.3273970511632763,0.26421628125930824,0.18179557350346634,0.19493405103589823
city-roads-M,0,9,LimiX,0.4298052334473686,0.3058698308160893,0.21705739392849488,0.21364797530051083
city-roads-M,0,9,grafo: atenção,0.05320109897174817,0.09965437174028584,0.0059996283736879225,0.03447177951821948
city-roads-M,0,9,grafo: MLP,0.037658579687235356,0.08257604467359785,0.0032781916381939826,0.025576540956575144
city-roads-M,0,9,camada inteira,0.4793637324493777,0.32451201476617664,0.22646973114045066,0.21842362936316828
city-roads-M,0,10,LimiX,0.17326305692563326,0.18840065802057598,0.059388564290876036,0.10986822580775234
city-roads-M,0,10,grafo: atenção,0.06399665835950595,0.11163127636426155,0.010919253245469057,0.04684842594535526
city-roads-M,0,10,grafo: MLP,0.059323201731955856,0.10766323084854047,0.01184556735872346,0.04884638107668267
city-roads-M,0,10,camada inteira,0.24287272668702073,0.22459572403435074,0.07815019092988283,0.12630966720522546
city-roads-M,0,11,LimiX,0.2726007757699934,0.23954980194407455,0.13493031934395633,0.16709026495571047
city-roads-M,0,11,grafo: atenção,0.08855705266354785,0.13287350328745642,0.029113758650054913,0.07631418576240628
city-roads-M,0,11,grafo: MLP,0.17333964013193628,0.18795841441552924,0.06126102056999728,0.11086016083206054
city-roads-M,0,11,camada inteira,0.5461198496151128,0.34907686528291254,0.2894011724522099,0.2481962383465697
city-roads-M,1,0,LimiX,0.17789883793745145,0.18164231554325164,0.7235934192915837,0.41085634766172985
city-roads-M,1,0,grafo: atenção,0.0015061018512469548,0.016226902054509686,0.0038944276930241756,0.02755246099000373
city-roads-M,1,0,grafo: MLP,0.0007202237333253917,0.011804304735113546,0.002051007559681961,0.0203892287364626
city-roads-M,1,0,camada inteira,0.17895843440089884,0.18245458393198186,0.7271337260671589,0.41202818373202466
city-roads-M,1,1,LimiX,0.016659499253788276,0.05519860101728269,0.040044388220664875,0.09038470137157868
city-roads-M,1,1,grafo: atenção,0.001111180869250476,0.013776157392451334,0.0016809386487534523,0.018017609334408078
city-roads-M,1,1,grafo: MLP,0.0015075170627374518,0.017198427787931684,0.0005862557502060746,0.010898384576007654
city-roads-M,1,1,camada inteira,0.01935144640918575,0.06019748978738487,0.04551379756400555,0.09638314453784864
city-roads-M,1,2,LimiX,0.04750161576922319,0.09409541950842196,0.013781426943501486,0.05289188183297382
city-roads-M,1,2,grafo: atenção,0.0007336931912232675,0.011385264677474463,0.00012474738304889236,0.0049230703308537575
city-roads-M,1,2,grafo: MLP,0.0006309267454157532,0.011260620763831702,0.0005936941920271663,0.01096692791741083
city-roads-M,1,2,camada inteira,0.0473735482773524,0.09387222445194458,0.013568097100239054,0.05248358514425189
city-roads-M,1,3,LimiX,0.0956278598927032,0.13525830428610436,0.019327353350168046,0.06266737457852486
city-roads-M,1,3,grafo: atenção,0.006852647085590129,0.03585271417973838,0.0010206874406955603,0.01416240061243413
city-roads-M,1,3,grafo: MLP,0.005225372942738904,0.03177200313907189,0.0022273709329270783,0.021180738015953764
city-roads-M,1,3,camada inteira,0.10226233414424656,0.14050437882642258,0.021686480498092266,0.0663980519292402
city-roads-M,1,4,LimiX,0.09991460018857429,0.14284413232285845,0.04867639419078747,0.09971702234192448
city-roads-M,1,4,grafo: atenção,0.012231816473438257,0.049142555778345275,0.016285347050649917,0.057089721532416766
city-roads-M,1,4,grafo: MLP,0.009757219552220949,0.04305147711045503,0.0028109965009471528,0.02377804023610389
city-roads-M,1,4,camada inteira,0.12057496083232586,0.1573622496992156,0.06467030712524617,0.11504664670011178
city-roads-M,1,5,LimiX,0.24567179747684253,0.22679890570519334,0.16846569011261475,0.18741521001756253
city-roads-M,1,5,grafo: atenção,0.015410210462596514,0.05384696149604089,0.010677059016538015,0.04625897904945058
city-roads-M,1,5,grafo: MLP,0.01543009915640751,0.05336265935366402,0.0036455858610647774,0.027071598217730513
city-roads-M,1,5,camada inteira,0.27123713932339577,0.23907763732047846,0.18207185425332123,0.19507334488885714
city-roads-M,1,6,LimiX,0.3125570495607964,0.25817091912441087,0.24043882716159826,0.2253379053315238
city-roads-M,1,6,grafo: atenção,0.011765589925790399,0.04686026421206175,0.00587118771903753,0.034225777102901846
city-roads-M,1,6,grafo: MLP,0.021586978398963827,0.06186880225398466,0.0061100783770041975,0.035099330611197105
city-roads-M,1,6,camada inteira,0.32398430062522265,0.2631381903439455,0.23416433777982262,0.22224896865164598
city-roads-M,1,7,LimiX,0.21818858108073577,0.21366842889260246,0.14372905661775578,0.17269011210786986
city-roads-M,1,7,grafo: atenção,0.01212582920747241,0.04502945349550502,0.006200850626444943,0.034181972836376945
city-roads-M,1,7,grafo: MLP,0.01577098424169576,0.05255758005144362,0.006466266922197712,0.036104765987765484
city-roads-M,1,7,camada inteira,0.2346114798518272,0.22171807720485168,0.1426044145381502,0.17198017270842905
city-roads-M,1,8,LimiX,0.3036435336469667,0.2539641128923338,0.18013413688286212,0.19402080695931428
city-roads-M,1,8,grafo: atenção,0.029812406991603226,0.07401491691105397,0.0016973941775169036,0.01791738466214619
city-roads-M,1,8,grafo: MLP,0.034380080755494424,0.07603462501788645,0.0018521523392254207,0.019310824921857008
city-roads-M,1,8,camada inteira,0.32883914159278466,0.26481120761276494,0.18264157493389668,0.19540302583496705
city-roads-M,1,9,LimiX,0.4288610639006185,0.30550956943300683,0.21734275537457345,0.213791924449813
city-roads-M,1,9,grafo: atenção,0.053819899400584924,0.10002665628522535,0.005881604184526953,0.03411717692504812
city-roads-M,1,9,grafo: MLP,0.03751105412238858,0.08230283828295196,0.003232031958611965,0.025394603807093186
city-roads-M,1,9,camada inteira,0.47775252381452993,0.3239202288078426,0.22659793887509308,0.21848554457620661
city-roads-M,1,10,LimiX,0.1725976022940649,0.1879446391116786,0.058175894984104075,0.10870994842005857
city-roads-M,1,10,grafo: atenção,0.06496973710843276,0.11234343139761796,0.01077764877073314,0.04653992711847738
city-roads-M,1,10,grafo: MLP,0.05999118191194464,0.10822902841171249,0.011740730219215727,0.048627458031574464
city-roads-M,1,10,camada inteira,0.24418716855313954,0.22513920631252957,0.07732711913861573,0.1256195255872691
city-roads-M,1,11,LimiX,0.27202667891705945,0.23924621368503204,0.13350673394623896,0.16618557870716918
city-roads-M,1,11,grafo: atenção,0.08798177288662473,0.1324166613509234,0.028837478667235083,0.0759477051139723
city-roads-M,1,11,grafo: MLP,0.17298452452524252,0.1877389814451813,0.06113340416587483,0.1107467501670484
city-roads-M,1,11,camada inteira,0.544996879453361,0.3486616988878279,0.28809292715161217,0.24760060886264398
city-roads-M,2,0,LimiX,0.1780506811178228,0.18175802992074477,0.7236261773256154,0.41086719032668473
city-roads-M,2,0,grafo: atenção,0.0015059130981574355,0.01622675090944839,0.00390175079752196,0.027577313157958826
city-roads-M,2,0,grafo: MLP,0.000721070613541037,0.011811009515773659,0.0020541899056599902,0.02040505142116302
city-roads-M,2,0,camada inteira,0.17914982283289238,0.18259636712521682,0.7271465494663804,0.4120324149114918
city-roads-M,2,1,LimiX,0.016685016889120257,0.05522213031081539,0.04009565584538679,0.09044295950413794
city-roads-M,2,1,grafo: atenção,0.0011114129205876547,0.013776243445323497,0.0016849076304396398,0.018038260379967714
city-roads-M,2,1,grafo: MLP,0.0015114631073784252,0.017219835418313862,0.0005861898665765925,0.010897771313636277
city-roads-M,2,1,camada inteira,0.019375460365042358,0.06022046925510968,0.0455766767795766,0.0964500787288785
city-roads-M,2,2,LimiX,0.047518221193051734,0.09409429190922883,0.013777798858731625,0.052885056505245526
city-roads-M,2,2,grafo: atenção,0.0007326182209900041,0.011379552677464606,0.0001238983733426186,0.004904698757420435
city-roads-M,2,2,grafo: MLP,0.0006310782514071776,0.011261761409980602,0.0005936550843876879,0.010966581199724055
city-roads-M,2,2,camada inteira,0.04738938428726514,0.09387022762605932,0.013564981644624028,0.05247765589185813
city-roads-M,2,3,LimiX,0.09540760275400219,0.13510643943210157,0.019356950289998447,0.06271517952156128
city-roads-M,2,3,grafo: atenção,0.006852641845419371,0.035856117652821456,0.001018476138810523,0.014147921505594772
city-roads-M,2,3,grafo: MLP,0.00523767921640651,0.03181007900403686,0.002215901676136808,0.02112629190495642
city-roads-M,2,3,camada inteira,0.10205177994812199,0.14036592937991696,0.021697129638316826,0.06641414910546524
city-roads-M,2,4,LimiX,0.09998944380077561,0.14290647937546358,0.04881902714359652,0.09986420374130861
city-roads-M,2,4,grafo: atenção,0.012195294550811022,0.04905049959545597,0.016297993193419607,0.057114437792461406
city-roads-M,2,4,grafo: MLP,0.009768423108594658,0.04308691777553528,0.002819242145718922,0.023813801444303936
city-roads-M,2,4,camada inteira,0.12066501591163947,0.15743281105813314,0.06482656233537644,0.11518772435554418
city-roads-M,2,5,LimiX,0.24612508436746214,0.22701764283790057,0.16859113780536597,0.18748696454234046
city-roads-M,2,5,grafo: atenção,0.01543137946914843,0.053902229541369535,0.0107572713337159,0.04643445201985302
city-roads-M,2,5,grafo: MLP,0.015168358045493819,0.05297451569928352,0.0036612575825618675,0.027129234909184053
city-roads-M,2,5,camada inteira,0.27161627387658493,0.2392554785921101,0.18223355494861443,0.19516325224383058
city-roads-M,2,6,LimiX,0.31285044436876164,0.25829608662736026,0.24015049404330302,0.22519434647820288
city-roads-M,2,6,grafo: atenção,0.011708091064910837,0.046793549352364516,0.005863146752221076,0.034204149710896366
city-roads-M,2,6,grafo: MLP,0.021477415197696373,0.06182073185054667,0.0061107714466982375,0.0351033525506341
city-roads-M,2,6,camada inteira,0.3242429354912422,0.26324695204861903,0.23383349293827477,0.22208283542126242
city-roads-M,2,7,LimiX,0.21817074368206799,0.2136577301036976,0.14376282899322604,0.17270711559845564
city-roads-M,2,7,grafo: atenção,0.012331726852401931,0.04541076967080537,0.006168524370720952,0.03407699848678295
city-roads-M,2,7,grafo: MLP,0.01589780728213027,0.05281061969840161,0.006469576250384571,0.03611622709703796
city-roads-M,2,7,camada inteira,0.23479169153430693,0.2218015366559056,0.14266432518532093,0.17201325967563688
city-roads-M,2,8,LimiX,0.30322463938727595,0.2537908424754992,0.18004272870783955,0.19397020205288734
city-roads-M,2,8,grafo: atenção,0.029997265671769417,0.07425593567758981,0.0016747039480580204,0.01779841689945032
city-roads-M,2,8,grafo: MLP,0.03395350747115171,0.07573311514602643,0.0018384902986495416,0.019241135505202633
city-roads-M,2,8,camada inteira,0.32909295806832184,0.2649264793918899,0.18254814435498176,0.19535172110715368
city-roads-M,2,9,LimiX,0.42835366365590266,0.3052989062983664,0.2167636977010349,0.2134964399960494
city-roads-M,2,9,grafo: atenção,0.05372165111823162,0.09997836629367944,0.005865841364237541,0.034075546186161126
city-roads-M,2,9,grafo: MLP,0.03724896231215578,0.08204678999373609,0.0032252764712100124,0.025374395394279322
city-roads-M,2,9,camada inteira,0.47749407830760604,0.3238045577776123,0.22614448486999406,0.21825900009232618
city-roads-M,2,10,LimiX,0.1727234439610236,0.18805870058959578,0.058569844620883764,0.10909223634113963
city-roads-M,2,10,grafo: atenção,0.06433809305671756,0.11186394621982665,0.010821892931867015,0.046638507249724875
city-roads-M,2,10,grafo: MLP,0.059711290061540336,0.10797302461047693,0.011753509781491424,0.04865293897206344
city-roads-M,2,10,camada inteira,0.24375065134966037,0.22496391340366723,0.07762420915730965,0.1258733371330552
city-roads-M,2,11,LimiX,0.27222406752280703,0.239341665498572,0.13382174918193276,0.16638592369924826
city-roads-M,2,11,grafo: atenção,0.08798218468562193,0.13239930077214707,0.028470000873218403,0.07546123841920044
city-roads-M,2,11,grafo: MLP,0.17283612060796408,0.1876766743176867,0.06023218926829909,0.10992793146034278
city-roads-M,2,11,camada inteira,0.5455426739657981,0.34885478128522535,0.2870166766363244,0.24711721808550532
artnet-views,0,0,LimiX,0.1243243881461206,0.15169156008208512,0.6959885674485768,0.4016738741923151
artnet-views,0,0,grafo: atenção,0.001712466182127889,0.017420205498870606,0.0032792979664751573,0.02542343980538389
artnet-views,0,0,grafo: MLP,0.0007516163852256359,0.012207498292153866,0.0021491778142578638,0.02087241195599667
artnet-views,0,0,camada inteira,0.12699917065002644,0.15352116605495486,0.712882886121597,0.4073030115054196
artnet-views,0,1,LimiX,0.010622004568980839,0.045724807929469216,0.025003140555791392,0.0713294882844252
artnet-views,0,1,grafo: atenção,0.0012829023220628727,0.014551410834609455,0.00160479319078531,0.01728351701912827
artnet-views,0,1,grafo: MLP,0.0013623325986269034,0.01640467934825569,0.0007502662955525559,0.012317500140193173
artnet-views,0,1,camada inteira,0.013383135138903527,0.0514744257226104,0.02901038917517118,0.07679901274407067
artnet-views,0,2,LimiX,0.04719427988113985,0.09406586983971497,0.014781986044428912,0.05479419043528446
artnet-views,0,2,grafo: atenção,0.0007285732852913213,0.011171141217886421,0.00013192187960639517,0.005055397930920985
artnet-views,0,2,grafo: MLP,0.0006090907207325416,0.011073357319384858,0.0006748128512800956,0.011680717556555163
artnet-views,0,2,camada inteira,0.047290045682058655,0.09405056800333962,0.014835995396954951,0.05489215108744696
artnet-views,0,3,LimiX,0.09636929574870631,0.13698541972780892,0.019268370941273108,0.06257104780108219
artnet-views,0,3,grafo: atenção,0.004214767911653885,0.027638601449353983,0.0014289313267678708,0.016621478978504647
artnet-views,0,3,grafo: MLP,0.005109588347568291,0.031052116205092913,0.002546312569074064,0.022460733289875242
artnet-views,0,3,camada inteira,0.10397671035833705,0.14266362192800813,0.02193414029483297,0.0667668703647455
artnet-views,0,4,LimiX,0.0839007680367151,0.13090727089739773,0.0460329444067068,0.09691969145097189
artnet-views,0,4,grafo: atenção,0.014962895194110001,0.05280450405749884,0.013244915145189539,0.051082387995880205
artnet-views,0,4,grafo: MLP,0.009239343547893573,0.04149471200592906,0.0031928062123631113,0.02480742173776676
artnet-views,0,4,camada inteira,0.10582821092510043,0.14729187655511192,0.062438799692963495,0.11295713905881892
artnet-views,0,5,LimiX,0.2667382147315081,0.23734736524774327,0.17804245252429513,0.1928369714448303
artnet-views,0,5,grafo: atenção,0.014174214174431893,0.0506332755784913,0.009534225791814269,0.0420183421206109
artnet-views,0,5,grafo: MLP,0.013247145266892855,0.049366078449455245,0.005335630477624416,0.032053884571184334
artnet-views,0,5,camada inteira,0.2824238918665063,0.2446867715256423,0.1904039831759582,0.1996311964306011
artnet-views,0,6,LimiX,0.34108442578654563,0.27056823001913666,0.24624443815204625,0.22816342665265416
artnet-views,0,6,grafo: atenção,0.010597439628979227,0.04358016004607471,0.006622113017937084,0.0353096168910762
artnet-views,0,6,grafo: MLP,0.017585760136191123,0.05645715295300772,0.004737530135141375,0.03058304990072386
artnet-views,0,6,camada inteira,0.3500947429983798,0.27440496367444533,0.24184076945547572,0.22600585641506737
artnet-views,0,7,LimiX,0.20605238583101876,0.20761740190911945,0.15029214400513544,0.17667653611354603
artnet-views,0,7,grafo: atenção,0.009933784070384056,0.041414821279020145,0.005614923424407007,0.031732488779568115
artnet-views,0,7,grafo: MLP,0.014104045157402127,0.051032277226341634,0.005439179579294281,0.03281715693264119
artnet-views,0,7,camada inteira,0.22298072591178125,0.21615907309646035,0.14943003032746974,0.17612571552335055
artnet-views,0,8,LimiX,0.3277152364028453,0.26483894904399363,0.18646800199811597,0.19749841125616097
artnet-views,0,8,grafo: atenção,0.03492456415534173,0.08185971463179496,0.0017441910918513377,0.017448218265862656
artnet-views,0,8,grafo: MLP,0.0308172442538356,0.07537514718023593,0.0017538297324830715,0.0187255928748421
artnet-views,0,8,camada inteira,0.3595200187078415,0.27811405803099065,0.1870505463389831,0.1977925131894598
artnet-views,0,9,LimiX,0.4170560103784347,0.3013181097692028,0.20543650893383011,0.20767161931563774
artnet-views,0,9,grafo: atenção,0.058993587649673065,0.1051112179497115,0.006839054048383274,0.03618931862297046
artnet-views,0,9,grafo: MLP,0.036074353724415566,0.08281413583825183,0.0033918917014871346,0.026003591309804633
artnet-views,0,9,camada inteira,0.4548415516607149,0.31576719328646297,0.21196702847627405,0.21106170482755324
artnet-views,0,10,LimiX,0.18124526104181132,0.1930295388602321,0.05506671143250837,0.10603329593234219
artnet-views,0,10,grafo: atenção,0.04994202009297606,0.09838330615762325,0.008660143180888372,0.04153853443456461
artnet-views,0,10,grafo: MLP,0.052235845865933855,0.1009203133653862,0.010891420660162923,0.04675714397567064
artnet-views,0,10,camada inteira,0.23710088129897827,0.22201122147583738,0.07041549489212498,0.1200009112556228
artnet-views,0,11,LimiX,0.3248978133886354,0.2627495186127782,0.14345886001746683,0.17240599980496735
artnet-views,0,11,grafo: atenção,0.07641858159196963,0.1226834534799375,0.027288357467592506,0.07299562528011726
artnet-views,0,11,grafo: MLP,0.1576188682220886,0.1787297447963165,0.0548070175387848,0.10489866092109659
artnet-views,0,11,camada inteira,0.588172423164038,0.36407086776795455,0.2950071573861836,0.2505084289732413
artnet-views,1,0,LimiX,0.12423823991812155,0.15163201989664965,0.696034124848021,0.4016891003548475
artnet-views,1,0,grafo: atenção,0.0017110733351600087,0.01741272241071281,0.0032778718801839183,0.025417930714865707
artnet-views,1,0,grafo: MLP,0.000751482682249689,0.012206428749072617,0.0021482580856176927,0.02086794132252427
artnet-views,1,0,camada inteira,0.1269009121816412,0.1534530640354793,0.7129276591388942,0.4073178925667158
artnet-views,1,1,LimiX,0.010599177586032306,0.04568900959842464,0.024968397631792885,0.07127969868585449
artnet-views,1,1,grafo: atenção,0.0012794934385562233,0.014534868073164658,0.001605013343657993,0.017284825612071016
artnet-views,1,1,grafo: MLP,0.0013600463029651876,0.01639061863876558,0.0007501868169993296,0.01231686236720935
artnet-views,1,1,camada inteira,0.013356589820694561,0.051434267847105114,0.028976016621151873,0.07675310082542296
artnet-views,1,2,LimiX,0.04716462966701489,0.0940395805046829,0.014783730470633593,0.05479748352851308
artnet-views,1,2,grafo: atenção,0.0007268302399570639,0.011162084571836614,0.00013189232889404767,0.005055104901795086
artnet-views,1,2,grafo: MLP,0.0006090253500680943,0.011072883415493357,0.0006747391209980231,0.01168007145876082
artnet-views,1,2,camada inteira,0.04726121120744883,0.09402526046187341,0.014835905800130602,0.05489202629937814
artnet-views,1,3,LimiX,0.09625661019440448,0.1369117240198145,0.019335641086292047,0.06268067428772181
artnet-views,1,3,grafo: atenção,0.004209193546999125,0.027620701194026303,0.0014270415422239233,0.01661171136900436
artnet-views,1,3,grafo: MLP,0.005099508636618908,0.03102606888758349,0.0025508249106880694,0.022480647540021517
artnet-views,1,3,camada inteira,0.10385284243202973,0.14258681179839136,0.02199875949223486,0.06686556494565779
artnet-views,1,4,LimiX,0.08377537389850544,0.13080855648672834,0.045930699252062696,0.09681101365637572
artnet-views,1,4,grafo: atenção,0.014956441729865691,0.05280819050586086,0.013275945918452027,0.0511414008117965
artnet-views,1,4,grafo: MLP,0.009239168008499643,0.04149344944620449,0.0031928668089952514,0.02481016034816127
artnet-views,1,4,camada inteira,0.10568563531876178,0.14719058826629303,0.062314249427818116,0.11284291223143186
artnet-views,1,5,LimiX,0.26659295255307014,0.23728117095278245,0.17838530824792223,0.1930291050444571
artnet-views,1,5,grafo: atenção,0.01415118109717538,0.05059912027034148,0.00954555518622174,0.04203894594256202
artnet-views,1,5,grafo: MLP,0.013239915578669548,0.04935965828482004,0.005341688164747052,0.03206711656319639
artnet-views,1,5,camada inteira,0.2822736020525411,0.24462022203485104,0.19075016815108184,0.1998190717635128
artnet-views,1,6,LimiX,0.3409567987581837,0.27051277361703535,0.246480741009985,0.2282774957290863
artnet-views,1,6,grafo: atenção,0.010532341516786942,0.043448889354303064,0.006620971593916725,0.035301794428212054
artnet-views,1,6,grafo: MLP,0.017589674071337272,0.05642737914687903,0.00472587024996066,0.030544997191831187
artnet-views,1,6,camada inteira,0.3499673839814172,0.2743513710817379,0.24206419593376294,0.22611468708345675
artnet-views,1,7,LimiX,0.20583115243093444,0.20750126675749347,0.14989940063516924,0.17643786093687572
artnet-views,1,7,grafo: atenção,0.009891052700179329,0.041315945900058486,0.005624983159076493,0.03177136034709569
artnet-views,1,7,grafo: MLP,0.014111967558221116,0.051052665467008894,0.005443017716367308,0.03283075286182432
artnet-views,1,7,camada inteira,0.22270812538231988,0.21602091031395695,0.14905146806200403,0.1758949611936687
artnet-views,1,8,LimiX,0.3272506221739328,0.2646473286431984,0.18666861008667543,0.19760775352199692
artnet-views,1,8,grafo: atenção,0.03509124932448211,0.0820236656003042,0.0017510444395573415,0.01747652026714307
artnet-views,1,8,grafo: MLP,0.030226098452792796,0.07477195846456204,0.0017660098578824001,0.018789488444396103
artnet-views,1,8,camada inteira,0.35889176834308767,0.27785845136167875,0.18723276450065612,0.19789157002576324
artnet-views,1,9,LimiX,0.4191049620470026,0.3021058152919684,0.20502939374552243,0.20745793236112642
artnet-views,1,9,grafo: atenção,0.05887475930638908,0.10501684984438547,0.006930655260063986,0.036413807649800574
artnet-views,1,9,grafo: MLP,0.036155073672135905,0.08293270165952658,0.0034187417591102958,0.026102364598016393
artnet-views,1,9,camada inteira,0.45663857003066827,0.3164361368229838,0.21152224007270887,0.21083164742746335
artnet-views,1,10,LimiX,0.18013909953077986,0.19243241850386866,0.0553879749521352,0.10634597985179241
artnet-views,1,10,grafo: atenção,0.04990279807775766,0.09840112665534173,0.00868866211075406,0.04159794515960603
artnet-views,1,10,grafo: MLP,0.05241173165652486,0.10110104572235724,0.010991024915824897,0.046965648441321006
artnet-views,1,10,camada inteira,0.2362735527126112,0.2216378809507572,0.07075723660474416,0.12029577099894605
artnet-views,1,11,LimiX,0.3238809297037744,0.2622645045186076,0.14239311508368752,0.1717439829547705
artnet-views,1,11,grafo: atenção,0.07612343775186614,0.1224202601505927,0.026401517589076752,0.07176114198694573
artnet-views,1,11,grafo: MLP,0.15699254624778874,0.1783584870104239,0.05383804314561943,0.10394487123458898
artnet-views,1,11,camada inteira,0.5868822860351982,0.3636030122156367,0.2916216960962902,0.24897385862845117
artnet-views,2,0,LimiX,0.12429052216111992,0.15167085636293937,0.6959896303334757,0.4016742347659264
artnet-views,2,0,grafo: atenção,0.0017111165893340763,0.01741136180886641,0.0032816325502701502,0.025432209362600572
artnet-views,2,0,grafo: MLP,0.0007516967432368777,0.012208209410351672,0.0021491088560262666,0.020872075389793528
artnet-views,2,0,camada inteira,0.12694383243126509,0.15348476235719835,0.7128836651220483,0.4073032785720682
artnet-views,2,1,LimiX,0.010622797382219646,0.04572693781283065,0.02501642577613739,0.07134852081941268
artnet-views,2,1,grafo: atenção,0.001283126155980794,0.0145446783801856,0.0016053705169205154,0.017287548203511943
artnet-views,2,1,grafo: MLP,0.0013605009183103838,0.016393276310840525,0.0007494109685715565,0.012310477615940023
artnet-views,2,1,camada inteira,0.01338313029532402,0.05147488852663219,0.029027169470512183,0.07682141119335657
artnet-views,2,2,LimiX,0.04715848017774774,0.09403395727032908,0.014780958266685518,0.054792312223488474
artnet-views,2,2,grafo: atenção,0.0007294191710434866,0.011182403165866895,0.00013209091162558073,0.00505844212072392
artnet-views,2,2,grafo: MLP,0.0006090612026472293,0.011073096734807435,0.0006744054913402562,0.011677192693033621
artnet-views,2,2,camada inteira,0.047259825459352166,0.09402500181472778,0.01483022193063597,0.05488145362183815
artnet-views,2,3,LimiX,0.0963047188863952,0.1369440904326001,0.019292192218401696,0.06260988648981267
artnet-views,2,3,grafo: atenção,0.004221525572872751,0.02765091019577361,0.0014342069152853895,0.01665501417431011
artnet-views,2,3,grafo: MLP,0.005097408561453012,0.031018499664436813,0.0025626729870399617,0.02253327615124696
artnet-views,2,3,camada inteira,0.10389424470383643,0.14260920657259532,0.02197065442738112,0.06682268863973552
artnet-views,2,4,LimiX,0.08359968661394786,0.13067185226746686,0.04589304613407504,0.09677097518586224
artnet-views,2,4,grafo: atenção,0.01496042940850982,0.0528025722765392,0.01328334326940112,0.051160763480179
artnet-views,2,4,grafo: MLP,0.009225731010778837,0.04146408524544936,0.003200620161216498,0.024842498621209564
artnet-views,2,4,camada inteira,0.10549165270424148,0.14705446043299275,0.06232781399180604,0.1128549517574035
artnet-views,2,5,LimiX,0.2660838264743081,0.23704006079402673,0.1780280807059536,0.1928291965763374
artnet-views,2,5,grafo: atenção,0.014136380571278891,0.05057259981584065,0.00952597733410062,0.04200600634910931
artnet-views,2,5,grafo: MLP,0.013275043921578961,0.04942272314306203,0.005355600520818982,0.032112454658541095
artnet-views,2,5,camada inteira,0.2817245752116192,0.2443655640613117,0.19043797228415957,0.1996500333745858
artnet-views,2,6,LimiX,0.3407095663149324,0.2704063717998793,0.24613008855472626,0.22810729220304235
artnet-views,2,6,grafo: atenção,0.010586047590525855,0.04353294483305021,0.006595282931450275,0.03523747391492099
artnet-views,2,6,grafo: MLP,0.017619106364747627,0.05649981875325488,0.004742217192665083,0.0305987287984062
artnet-views,2,6,camada inteira,0.34957397682934893,0.27418432183687136,0.24168215810194912,0.2259280438225022
artnet-views,2,7,LimiX,0.20605197993905613,0.20761431461154234,0.15009975712945517,0.17656038297545776
artnet-views,2,7,grafo: atenção,0.00993884532842569,0.04141979224466715,0.0056090643239575765,0.03173366762319132
artnet-views,2,7,grafo: MLP,0.014203737123505335,0.05121050496835011,0.005417932329374414,0.032754089765823044
artnet-views,2,7,camada inteira,0.22298164748350857,0.2161557981909037,0.1492721670296441,0.176030016192446
artnet-views,2,8,LimiX,0.3270624310274278,0.2645648224640826,0.18643046668881055,0.19747770114571997
artnet-views,2,8,grafo: atenção,0.035146472588956534,0.08212907900433572,0.0017666904321647619,0.01754606518765919
artnet-views,2,8,grafo: MLP,0.030400896779058377,0.07494800498126633,0.001762244478812439,0.018767628753302207
artnet-views,2,8,camada inteira,0.3588781727383196,0.27785008488534535,0.18707676865123513,0.1978061578061711
artnet-views,2,9,LimiX,0.4183058863827993,0.3018030147213818,0.20542213644277665,0.20766333688597005
artnet-views,2,9,grafo: atenção,0.05894173374055567,0.10506557560840525,0.006905082367121628,0.03635358731591372
artnet-views,2,9,grafo: MLP,0.03629606397490225,0.08312485404680423,0.0034147442103246864,0.02608805979860403
artnet-views,2,9,camada inteira,0.4561463835639652,0.31626187193627453,0.21197020300401948,0.2110624690283413
artnet-views,2,10,LimiX,0.18006420455249975,0.19239239310026288,0.05535174823577252,0.10631060798415456
artnet-views,2,10,grafo: atenção,0.049952557300191366,0.09842566681236153,0.008642904117012002,0.04148981999788607
artnet-views,2,10,grafo: MLP,0.05286458430204923,0.10154351639738948,0.010947663794801003,0.046877922513026936
artnet-views,2,10,camada inteira,0.2360659039385147,0.2215240678111464,0.07064292266115811,0.1201980965857231
artnet-views,2,11,LimiX,0.32428077171266906,0.26248190309534436,0.14302911412606858,0.17214348607087995
artnet-views,2,11,grafo: atenção,0.07602130781038174,0.12234292077918857,0.026855695958464935,0.07238047559955318
artnet-views,2,11,grafo: MLP,0.15724235450662136,0.17849332160799605,0.054352665273354625,0.1044439611158494
artnet-views,2,11,camada inteira,0.586950562423536,0.36363738483905367,0.2932981783928793,0.2497345788048158
