dataset,estrategia,k,seed,removidas,val,test,ret_test
tolokers-2,BI todos os tokens,1,0,[1],0.6999995765995013,0.689847773464703,52.84889559505651
tolokers-2,BI todos os tokens,1,1,[1],0.7296037394732051,0.7195332328062927,61.141713589578764
tolokers-2,BI todos os tokens,1,2,[1],0.7364670615581984,0.7302068346288675,63.921625749269474
tolokers-2,BI todos os tokens,2,0,"[1, 2]",0.7825415038338916,0.7826029778453256,78.66963619553052
tolokers-2,BI todos os tokens,2,1,"[1, 2]",0.7848405685421899,0.7832109487485628,78.87645297464573
tolokers-2,BI todos os tokens,2,2,"[1, 2]",0.7899552465672806,0.791588183732132,80.96541001262392
tolokers-2,BI todos os tokens,3,0,"[1, 2, 4]",0.7095768958815832,0.7295884317159059,63.9117058691371
tolokers-2,BI todos os tokens,3,1,"[1, 2, 4]",0.7166815562508733,0.7326710409132161,64.80069537652821
tolokers-2,BI todos os tokens,3,2,"[1, 2, 4]",0.7149159761710199,0.7311451856242005,64.1821780532088
tolokers-2,BI todos os tokens,4,0,"[1, 2, 3, 4]",0.7460951889001326,0.7692163911445947,74.94314359564426
tolokers-2,BI todos os tokens,4,1,"[1, 2, 3, 4]",0.7461502309649721,0.769570748300311,75.07755101137292
tolokers-2,BI todos os tokens,4,2,"[1, 2, 3, 4]",0.7483603815685294,0.771674702515512,75.43602555387825
tolokers-2,BI todos os tokens,5,0,"[1, 2, 3, 4, 10]",0.6411765453059703,0.64761667987613,41.09281009983994
tolokers-2,BI todos os tokens,5,1,"[1, 2, 3, 4, 10]",0.6496741933161997,0.6570855998392344,43.74956188474782
tolokers-2,BI todos os tokens,5,2,"[1, 2, 3, 4, 10]",0.6739223398805163,0.6703865778252432,47.31131062204449
tolokers-2,BI todos os tokens,6,0,"[0, 1, 2, 3, 4, 10]",0.589538620476495,0.6076851655232081,29.976870236671452
tolokers-2,BI todos os tokens,6,1,"[0, 1, 2, 3, 4, 10]",0.5749058992391494,0.5922807300843661,25.700901392155007
tolokers-2,BI todos os tokens,6,2,"[0, 1, 2, 3, 4, 10]",0.5784624634287818,0.5929281108021176,25.80338646268293
tolokers-2,BI todos os tokens,7,0,"[0, 1, 2, 3, 4, 7, 10]",0.36687653218055494,0.3880643700702131,-31.160093750723107
tolokers-2,BI todos os tokens,7,1,"[0, 1, 2, 3, 4, 7, 10]",0.37621251317834054,0.37559748921727604,-34.647067265725475
tolokers-2,BI todos os tokens,7,2,"[0, 1, 2, 3, 4, 7, 10]",0.38059047433557874,0.37722829383586787,-34.090069769973894
tolokers-2,BI todos os tokens,8,0,"[0, 1, 2, 3, 4, 5, 7, 10]",0.4599441958142627,0.4365301956674108,-17.668414021380727
tolokers-2,BI todos os tokens,8,1,"[0, 1, 2, 3, 4, 5, 7, 10]",0.4394050376191343,0.438629447198863,-17.092176497542493
tolokers-2,BI todos os tokens,8,2,"[0, 1, 2, 3, 4, 5, 7, 10]",0.43161235143935006,0.42277891915371296,-21.442009042730064
tolokers-2,BI todos os tokens,9,0,"[0, 1, 2, 3, 4, 5, 7, 8, 10]",0.5413069526595903,0.5286825292384395,7.984502348700304
tolokers-2,BI todos os tokens,9,1,"[0, 1, 2, 3, 4, 5, 7, 8, 10]",0.5410846673977382,0.5282849868742135,7.877588938318538
tolokers-2,BI todos os tokens,9,2,"[0, 1, 2, 3, 4, 5, 7, 8, 10]",0.5319603866493354,0.5290850392263436,8.07605471543209
tolokers-2,BI todos os tokens,10,0,"[0, 1, 2, 3, 4, 5, 6, 7, 8, 10]",0.5025636900200269,0.4830823932712676,-4.709440702981075
tolokers-2,BI todos os tokens,10,1,"[0, 1, 2, 3, 4, 5, 6, 7, 8, 10]",0.481126922767515,0.47386152331716447,-7.279769147388986
tolokers-2,BI todos os tokens,10,2,"[0, 1, 2, 3, 4, 5, 6, 7, 8, 10]",0.4714839764081242,0.4709708630987825,-8.060532293993177
tolokers-2,BI todos os tokens,11,0,"[0, 1, 2, 3, 4, 5, 6, 7, 8, 9, 10]",0.47013544581955513,0.48629584967626327,-3.814894409666471
tolokers-2,BI todos os tokens,11,1,"[0, 1, 2, 3, 4, 5, 6, 7, 8, 9, 10]",0.5022376716359771,0.4857284808172231,-3.9747291433158987
tolokers-2,BI todos os tokens,11,2,"[0, 1, 2, 3, 4, 5, 6, 7, 8, 9, 10]",0.49650694588518224,0.4863001218326266,-3.8040507634677163
tolokers-2,BI token-alvo,1,0,[2],0.8352950889776148,0.8403876349355619,94.75544670479002
tolokers-2,BI token-alvo,1,1,[2],0.8365165994165542,0.8425938228460617,95.41504548650903
tolokers-2,BI token-alvo,1,2,[2],0.827669645994843,0.8395564521417148,94.28477868411063
tolokers-2,BI token-alvo,2,0,"[2, 3]",0.821742039012122,0.8253060288008249,90.55710287660355
tolokers-2,BI token-alvo,2,1,"[2, 3]",0.8221993115507891,0.8262444791486314,90.86162604769495
tolokers-2,BI token-alvo,2,2,"[2, 3]",0.82520757209452,0.8302765337008227,91.7080199422654
tolokers-2,BI token-alvo,3,0,"[2, 3, 4]",0.7873682695198216,0.8046511131914782,84.80728838764924
tolokers-2,BI token-alvo,3,1,"[2, 3, 4]",0.787992785255501,0.8024259820760189,84.22798927420072
tolokers-2,BI token-alvo,3,2,"[2, 3, 4]",0.7912656711109605,0.8042048549977142,84.4686862734712
tolokers-2,BI token-alvo,4,0,"[2, 3, 4, 10]",0.7037678410385168,0.7234879248990677,62.21347658808652
tolokers-2,BI token-alvo,4,1,"[2, 3, 4, 10]",0.7060309167044199,0.7243800107592104,62.49157896367938
tolokers-2,BI token-alvo,4,2,"[2, 3, 4, 10]",0.7064373811832351,0.7247891773628437,62.41730264454981
tolokers-2,BI token-alvo,5,0,"[2, 3, 4, 7, 10]",0.7054783790535306,0.7132569383462264,59.365424539343046
tolokers-2,BI token-alvo,5,1,"[2, 3, 4, 7, 10]",0.7018434857716263,0.7139725079783348,59.59300845534765
tolokers-2,BI token-alvo,5,2,"[2, 3, 4, 7, 10]",0.6970273050981655,0.7110169043597323,58.59314997748882
tolokers-2,BI token-alvo,6,0,"[2, 3, 4, 5, 7, 10]",0.5746963159922603,0.5779692049722336,21.7046863284559
tolokers-2,BI token-alvo,6,1,"[2, 3, 4, 5, 7, 10]",0.5629956432088676,0.5780123570632522,21.727048479343463
tolokers-2,BI token-alvo,6,2,"[2, 3, 4, 5, 7, 10]",0.5579889323109622,0.569985902546351,19.433014130553136
tolokers-2,BI token-alvo,7,0,"[2, 3, 4, 5, 7, 10, 11]",0.5051040930126215,0.48168476890813355,-5.098504544502042
tolokers-2,BI token-alvo,7,1,"[2, 3, 4, 5, 7, 10, 11]",0.4927238624287099,0.4785832496233548,-5.9647316299658195
tolokers-2,BI token-alvo,7,2,"[2, 3, 4, 5, 7, 10, 11]",0.48859994157073117,0.4762770468894661,-6.5871620746783055
tolokers-2,BI token-alvo,8,0,"[2, 3, 4, 5, 7, 8, 10, 11]",0.6556462573512911,0.6133394803812645,31.55089078029695
tolokers-2,BI token-alvo,8,1,"[2, 3, 4, 5, 7, 8, 10, 11]",0.6556780123886986,0.6247502113227112,34.74390457167269
tolokers-2,BI token-alvo,8,2,"[2, 3, 4, 5, 7, 8, 10, 11]",0.6622386031170745,0.6288541970657638,35.778997501699386
tolokers-2,BI token-alvo,9,0,"[2, 3, 4, 5, 7, 8, 9, 10, 11]",0.3973211450443088,0.41207686940620736,-24.47561150884806
tolokers-2,BI token-alvo,9,1,"[2, 3, 4, 5, 7, 8, 9, 10, 11]",0.4134357680273347,0.3989392600042311,-28.146202472335098
tolokers-2,BI token-alvo,9,2,"[2, 3, 4, 5, 7, 8, 9, 10, 11]",0.4108064509299992,0.40853737130046164,-25.396465449002587
tolokers-2,BI token-alvo,10,0,"[2, 3, 4, 5, 6, 7, 8, 9, 10, 11]",0.5201115236913749,0.5174883204543825,4.868313201462909
tolokers-2,BI token-alvo,10,1,"[2, 3, 4, 5, 6, 7, 8, 9, 10, 11]",0.5279846559659247,0.5112192124899041,3.124637978449515
tolokers-2,BI token-alvo,10,2,"[2, 3, 4, 5, 6, 7, 8, 9, 10, 11]",0.529070678245259,0.5163768974500988,4.547379800547906
tolokers-2,BI token-alvo,11,0,"[1, 2, 3, 4, 5, 6, 7, 8, 9, 10, 11]",0.5992980019730463,0.5860759031702845,23.961389364107138
tolokers-2,BI token-alvo,11,1,"[1, 2, 3, 4, 5, 6, 7, 8, 9, 10, 11]",0.5981188315839837,0.5839039587456736,23.367905392193357
tolokers-2,BI token-alvo,11,2,"[1, 2, 3, 4, 5, 6, 7, 8, 9, 10, 11]",0.6000389528458865,0.5859238276507472,23.85850430066711
tolokers-2,Ablação individual (val),1,0,[11],0.8491445192922438,0.8515881691604359,97.87339669733643
tolokers-2,Ablação individual (val),1,1,[11],0.8479886359306132,0.8523597073526525,98.13492031283084
tolokers-2,Ablação individual (val),1,2,[11],0.8484480254717741,0.8516196307770648,97.63436642036775
tolokers-2,Ablação individual (val),2,0,"[10, 11]",0.8260332030671133,0.8328424438006109,92.65505326188294
tolokers-2,Ablação individual (val),2,1,"[10, 11]",0.8237383723638027,0.8307684940324268,92.12159939553008
tolokers-2,Ablação individual (val),2,2,"[10, 11]",0.8227010411418265,0.8320806090333123,92.20895827631968
tolokers-2,Ablação individual (val),3,0,"[5, 10, 11]",0.7969434717994097,0.8014683567008144,83.92128818648884
tolokers-2,Ablação individual (val),3,1,"[5, 10, 11]",0.7943713137694076,0.8008985371474262,83.80258397608682
tolokers-2,Ablação individual (val),3,2,"[5, 10, 11]",0.7919939199688377,0.7978799771780745,82.71245486727224
tolokers-2,Ablação individual (val),4,0,"[3, 5, 10, 11]",0.694285786868657,0.6911634320371456,53.21514220024349
tolokers-2,Ablação individual (val),4,1,"[3, 5, 10, 11]",0.6939915235220148,0.6909933074849107,53.19312230997236
tolokers-2,Ablação individual (val),4,2,"[3, 5, 10, 11]",0.672368460050046,0.6798869594049767,49.949285453651946
tolokers-2,Ablação individual (val),5,0,"[2, 3, 5, 10, 11]",0.5941092288606715,0.5965520585103937,26.87769030197389
tolokers-2,Ablação individual (val),5,1,"[2, 3, 5, 10, 11]",0.5951211560527219,0.5953902306845213,26.56692150524226
tolokers-2,Ablação individual (val),5,2,"[2, 3, 5, 10, 11]",0.5892295381123959,0.5952065610783903,26.43604468103263
tolokers-2,Ablação individual (val),6,0,"[2, 3, 5, 6, 10, 11]",0.5375513902355376,0.5143809393736635,4.003295638644307
tolokers-2,Ablação individual (val),6,1,"[2, 3, 5, 6, 10, 11]",0.5262550649284664,0.5170480234090324,4.7480071751287865
tolokers-2,Ablação individual (val),6,2,"[2, 3, 5, 6, 10, 11]",0.5302265616068896,0.5197312025451188,5.478771065617883
tolokers-2,Ablação individual (val),7,0,"[2, 3, 5, 6, 7, 10, 11]",0.5741353103313956,0.5788291337484324,21.94406909962632
tolokers-2,Ablação individual (val),7,1,"[2, 3, 5, 6, 7, 10, 11]",0.5725242714335917,0.5817813593829337,22.776744953096767
tolokers-2,Ablação individual (val),7,2,"[2, 3, 5, 6, 7, 10, 11]",0.5720818179123814,0.5787167329833388,21.857307382198783
tolokers-2,Ablação individual (val),8,0,"[2, 3, 5, 6, 7, 9, 10, 11]",0.5372761799113399,0.5439344917478498,12.2302691521198
tolokers-2,Ablação individual (val),8,1,"[2, 3, 5, 6, 7, 9, 10, 11]",0.5419886274626031,0.5422659663067944,11.771400500429078
tolokers-2,Ablação individual (val),8,2,"[2, 3, 5, 6, 7, 9, 10, 11]",0.5453313744003591,0.5396173618315085,11.000569032842796
tolokers-2,Ablação individual (val),9,0,"[2, 3, 4, 5, 6, 7, 9, 10, 11]",0.5105659594467002,0.5077776096881113,2.165092984156134
tolokers-2,Ablação individual (val),9,1,"[2, 3, 4, 5, 6, 7, 9, 10, 11]",0.5241168924096993,0.5090907513312237,2.531844983571119
tolokers-2,Ablação individual (val),9,2,"[2, 3, 4, 5, 6, 7, 9, 10, 11]",0.5116795027584543,0.5038404036306838,1.066366443908891
tolokers-2,Ablação individual (val),10,0,"[2, 3, 4, 5, 6, 7, 8, 9, 10, 11]",0.5201115236913749,0.5174883204543825,4.868313201462909
tolokers-2,Ablação individual (val),10,1,"[2, 3, 4, 5, 6, 7, 8, 9, 10, 11]",0.5279846559659247,0.5112192124899041,3.124637978449515
tolokers-2,Ablação individual (val),10,2,"[2, 3, 4, 5, 6, 7, 8, 9, 10, 11]",0.529070678245259,0.5163768974500988,4.547379800547906
tolokers-2,Ablação individual (val),11,0,"[1, 2, 3, 4, 5, 6, 7, 8, 9, 10, 11]",0.5992980019730463,0.5860759031702845,23.961389364107138
tolokers-2,Ablação individual (val),11,1,"[1, 2, 3, 4, 5, 6, 7, 8, 9, 10, 11]",0.5981188315839837,0.5839039587456736,23.367905392193357
tolokers-2,Ablação individual (val),11,2,"[1, 2, 3, 4, 5, 6, 7, 8, 9, 10, 11]",0.6000389528458865,0.5859238276507472,23.85850430066711
tolokers-2,Aleatória 0,1,0,[9],0.8162865235855248,0.8246668612208882,90.37917452862584
tolokers-2,Aleatória 0,2,0,"[2, 9]",0.7738131025518348,0.7883059091804467,80.2571903565048
tolokers-2,Aleatória 0,3,0,"[2, 7, 9]",0.7766498858935657,0.7883789663660083,80.27752765886949
tolokers-2,Aleatória 0,4,0,"[2, 4, 7, 9]",0.685845297925761,0.6535091094958311,42.73311586740111
tolokers-2,Aleatória 0,5,0,"[2, 4, 5, 7, 9]",0.714903274156057,0.6689050006219466,47.01894881591453
tolokers-2,Aleatória 0,6,0,"[2, 4, 5, 7, 9, 11]",0.6539230173213144,0.6101233083419914,30.655588521980558
tolokers-2,Aleatória 0,7,0,"[0, 2, 4, 5, 7, 9, 11]",0.5692005775182803,0.5819507222328713,22.81304165007613
tolokers-2,Aleatória 0,8,0,"[0, 2, 3, 4, 5, 7, 9, 11]",0.5165867145391498,0.5212055270178455,5.90309100260598
tolokers-2,Aleatória 0,9,0,"[0, 2, 3, 4, 5, 6, 7, 9, 11]",0.5575845848346409,0.5226429917228792,6.30324540384803
tolokers-2,Aleatória 0,10,0,"[0, 2, 3, 4, 5, 6, 7, 9, 10, 11]",0.47972546711660025,0.4822437921593942,-4.942886383161966
tolokers-2,Aleatória 0,11,0,"[0, 2, 3, 4, 5, 6, 7, 8, 9, 10, 11]",0.5382881071033901,0.5203196672460462,5.65648968757719
tolokers-2,Aleatória 1,1,0,[10],0.8491551043047127,0.8522075324806418,98.04581203225241
tolokers-2,Aleatória 1,2,0,"[9, 10]",0.7814872365919647,0.7834464141109125,78.90442786217797
tolokers-2,Aleatória 1,3,0,"[5, 9, 10]",0.6821871176164246,0.6902747903960865,52.967766482042194
tolokers-2,Aleatória 1,4,0,"[4, 5, 9, 10]",0.5955636095739321,0.5981023213904154,27.309244908045635
tolokers-2,Aleatória 1,5,0,"[2, 4, 5, 9, 10]",0.5024197338504465,0.5089849409468767,2.5011839610408764
tolokers-2,Aleatória 1,6,0,"[2, 4, 5, 7, 9, 10]",0.6694787516459694,0.6188927206562138,33.09677467531994
tolokers-2,Aleatória 1,7,0,"[2, 4, 5, 6, 7, 9, 10]",0.5195060609781399,0.5045510718740963,1.2669051521135277
tolokers-2,Aleatória 1,8,0,"[1, 2, 4, 5, 6, 7, 9, 10]",0.4088947976780717,0.44836724807292627,-14.373273207687655
tolokers-2,Aleatória 1,9,0,"[1, 2, 3, 4, 5, 6, 7, 9, 10]",0.44565866298590495,0.45360295784236104,-12.915781903359452
tolokers-2,Aleatória 1,10,0,"[1, 2, 3, 4, 5, 6, 7, 9, 10, 11]",0.5251605746391569,0.5121591200073229,3.384796419085963
tolokers-2,Aleatória 1,11,0,"[1, 2, 3, 4, 5, 6, 7, 8, 9, 10, 11]",0.5992980019730463,0.5860759031702845,23.961389364107138
tolokers-2,Aleatória 2,1,0,[4],0.7892608697493045,0.7926739406807446,81.47314162368191
tolokers-2,Aleatória 2,2,0,"[4, 5]",0.766287158686273,0.7767912886691418,77.0518065581439
tolokers-2,Aleatória 2,3,0,"[4, 5, 7]",0.6726225003493054,0.6845546710830386,51.37542761575181
tolokers-2,Aleatória 2,4,0,"[4, 5, 6, 7]",0.6515943145781027,0.621705720357759,33.87984378812955
tolokers-2,Aleatória 2,5,0,"[2, 4, 5, 6, 7]",0.6345905505476686,0.5999503767512032,27.823697529921223
tolokers-2,Aleatória 2,6,0,"[2, 3, 4, 5, 6, 7]",0.5603620921065445,0.5485231850919362,13.507647185233477
tolokers-2,Aleatória 2,7,0,"[2, 3, 4, 5, 6, 7, 10]",0.4420618757488896,0.4308091159471185,-19.261020241147303
tolokers-2,Aleatória 2,8,0,"[2, 3, 4, 5, 6, 7, 9, 10]",0.4916166701244373,0.48097565718680685,-5.29590360081804
tolokers-2,Aleatória 2,9,0,"[2, 3, 4, 5, 6, 7, 9, 10, 11]",0.5105659594467002,0.5077776096881113,2.165092984156134
tolokers-2,Aleatória 2,10,0,"[2, 3, 4, 5, 6, 7, 8, 9, 10, 11]",0.5201115236913749,0.5174883204543825,4.868313201462909
tolokers-2,Aleatória 2,11,0,"[1, 2, 3, 4, 5, 6, 7, 8, 9, 10, 11]",0.5992980019730463,0.5860759031702845,23.961389364107138
tolokers-2,Aleatória 3,1,0,[1],0.6999995765995013,0.689847773464703,52.84889559505651
tolokers-2,Aleatória 3,2,0,"[1, 2]",0.7825415038338916,0.7826029778453256,78.66963619553052
tolokers-2,Aleatória 3,3,0,"[1, 2, 5]",0.7156865650787737,0.7417735489538119,67.30373927025224
tolokers-2,Aleatória 3,4,0,"[1, 2, 5, 8]",0.5673270303112417,0.6089173017828735,30.31986630851134
tolokers-2,Aleatória 3,5,0,"[0, 1, 2, 5, 8]",0.459544082342929,0.4168837076647519,-23.13750736028729
tolokers-2,Aleatória 3,6,0,"[0, 1, 2, 4, 5, 8]",0.5747407730446306,0.5766041682204289,21.324694066956177
tolokers-2,Aleatória 3,7,0,"[0, 1, 2, 4, 5, 7, 8]",0.5301736365445439,0.528117048076397,7.827086465709662
tolokers-2,Aleatória 3,8,0,"[0, 1, 2, 4, 5, 7, 8, 9]",0.49705524953108393,0.4978069928509934,-0.610478615271255
tolokers-2,Aleatória 3,9,0,"[0, 1, 2, 4, 5, 7, 8, 9, 11]",0.5638614972288437,0.5731194795626,20.35464346431839
tolokers-2,Aleatória 3,10,0,"[0, 1, 2, 4, 5, 6, 7, 8, 9, 11]",0.5080975345388957,0.5348527814917204,9.702147023576801
tolokers-2,Aleatória 3,11,0,"[0, 1, 2, 4, 5, 6, 7, 8, 9, 10, 11]",0.5249467573872802,0.5369453764074437,10.284673371953302
tolokers-2,Aleatória 4,1,0,[7],0.8216531249073811,0.8300803125655313,91.88614466422847
tolokers-2,Aleatória 4,2,0,"[6, 7]",0.7386941481817065,0.7333680647502591,64.9638616462355
tolokers-2,Aleatória 4,3,0,"[4, 6, 7]",0.6626217805684576,0.6487631080685998,41.411947178697126
tolokers-2,Aleatória 4,4,0,"[2, 4, 6, 7]",0.6130309971505146,0.5429451066985955,11.954848976169881
tolokers-2,Aleatória 4,5,0,"[2, 3, 4, 6, 7]",0.6285803804676882,0.5765809528591059,21.318231488099606
tolokers-2,Aleatória 4,6,0,"[2, 3, 4, 6, 7, 10]",0.6151861056892325,0.5873417861534709,24.31377968395682
tolokers-2,Aleatória 4,7,0,"[0, 2, 3, 4, 6, 7, 10]",0.5169677749880389,0.5119771725107337,3.334146763967353
tolokers-2,Aleatória 4,8,0,"[0, 2, 3, 4, 6, 7, 10, 11]",0.5339800070284484,0.5550697513975913,15.330048327367523
tolokers-2,Aleatória 4,9,0,"[0, 2, 3, 4, 6, 7, 8, 10, 11]",0.5443194472083088,0.5427208350482675,11.892417329926108
tolokers-2,Aleatória 4,10,0,"[0, 1, 2, 3, 4, 6, 7, 8, 10, 11]",0.48628817484746995,0.4844232211370135,-4.336187592899578
tolokers-2,Aleatória 4,11,0,"[0, 1, 2, 3, 4, 6, 7, 8, 9, 10, 11]",0.5160193578708036,0.4927271008776003,-2.024594122851495
cora,BI todos os tokens,1,0,[1],0.588,0.584,74.85875706214688
cora,BI todos os tokens,1,1,[1],0.606,0.603,78.45303867403314
cora,BI todos os tokens,1,2,[1],0.596,0.606,81.99999999999999
cora,BI todos os tokens,2,0,"[1, 2]",0.572,0.592,77.1186440677966
cora,BI todos os tokens,2,1,"[1, 2]",0.544,0.58,72.09944751381212
cora,BI todos os tokens,2,2,"[1, 2]",0.55,0.576,73.42857142857142
cora,BI todos os tokens,3,0,"[1, 2, 4]",0.444,0.472,43.22033898305084
cora,BI todos os tokens,3,1,"[1, 2, 4]",0.432,0.471,41.98895027624308
cora,BI todos os tokens,3,2,"[1, 2, 4]",0.448,0.474,44.28571428571427
cora,BI todos os tokens,4,0,"[0, 1, 2, 4]",0.102,0.101,-61.581920903954796
cora,BI todos os tokens,4,1,"[0, 1, 2, 4]",0.064,0.066,-69.88950276243094
cora,BI todos os tokens,4,2,"[0, 1, 2, 4]",0.066,0.064,-72.85714285714285
cora,BI todos os tokens,5,0,"[0, 1, 2, 3, 4]",0.176,0.146,-48.870056497175135
cora,BI todos os tokens,5,1,"[0, 1, 2, 3, 4]",0.176,0.15,-46.68508287292818
cora,BI todos os tokens,5,2,"[0, 1, 2, 3, 4]",0.174,0.147,-49.142857142857146
cora,BI todos os tokens,6,0,"[0, 1, 2, 3, 4, 7]",0.122,0.13,-53.38983050847457
cora,BI todos os tokens,6,1,"[0, 1, 2, 3, 4, 7]",0.122,0.13,-52.20994475138121
cora,BI todos os tokens,6,2,"[0, 1, 2, 3, 4, 7]",0.122,0.13,-53.99999999999999
cora,BI todos os tokens,7,0,"[0, 1, 2, 3, 4, 7, 10]",0.072,0.091,-64.40677966101694
cora,BI todos os tokens,7,1,"[0, 1, 2, 3, 4, 7, 10]",0.072,0.091,-62.98342541436463
cora,BI todos os tokens,7,2,"[0, 1, 2, 3, 4, 7, 10]",0.072,0.091,-65.14285714285714
cora,BI todos os tokens,8,0,"[0, 1, 2, 3, 4, 5, 7, 10]",0.114,0.104,-60.73446327683616
cora,BI todos os tokens,8,1,"[0, 1, 2, 3, 4, 5, 7, 10]",0.114,0.104,-59.39226519337017
cora,BI todos os tokens,8,2,"[0, 1, 2, 3, 4, 5, 7, 10]",0.114,0.104,-61.42857142857143
cora,BI todos os tokens,9,0,"[0, 1, 2, 3, 4, 5, 6, 7, 10]",0.316,0.319,0.0
cora,BI todos os tokens,9,1,"[0, 1, 2, 3, 4, 5, 6, 7, 10]",0.316,0.319,0.0
cora,BI todos os tokens,9,2,"[0, 1, 2, 3, 4, 5, 6, 7, 10]",0.316,0.319,0.0
cora,BI todos os tokens,10,0,"[0, 1, 2, 3, 4, 5, 6, 7, 8, 10]",0.058,0.064,-72.03389830508473
cora,BI todos os tokens,10,1,"[0, 1, 2, 3, 4, 5, 6, 7, 8, 10]",0.058,0.064,-70.44198895027624
cora,BI todos os tokens,10,2,"[0, 1, 2, 3, 4, 5, 6, 7, 8, 10]",0.058,0.064,-72.85714285714285
cora,BI todos os tokens,11,0,"[0, 1, 2, 3, 4, 5, 6, 7, 8, 9, 10]",0.122,0.13,-53.38983050847457
cora,BI todos os tokens,11,1,"[0, 1, 2, 3, 4, 5, 6, 7, 8, 9, 10]",0.122,0.13,-52.20994475138121
cora,BI todos os tokens,11,2,"[0, 1, 2, 3, 4, 5, 6, 7, 8, 9, 10]",0.122,0.13,-53.99999999999999
cora,BI token-alvo,1,0,[2],0.616,0.612,82.76836158192089
cora,BI token-alvo,1,1,[2],0.616,0.626,84.80662983425412
cora,BI token-alvo,1,2,[2],0.622,0.623,86.85714285714285
cora,BI token-alvo,2,0,"[2, 3]",0.642,0.654,94.63276836158191
cora,BI token-alvo,2,1,"[2, 3]",0.656,0.66,94.1988950276243
cora,BI token-alvo,2,2,"[2, 3]",0.628,0.65,94.57142857142857
cora,BI token-alvo,3,0,"[2, 3, 4]",0.536,0.539,62.14689265536723
cora,BI token-alvo,3,1,"[2, 3, 4]",0.568,0.538,60.49723756906077
cora,BI token-alvo,3,2,"[2, 3, 4]",0.568,0.549,65.71428571428572
cora,BI token-alvo,4,0,"[2, 3, 4, 10]",0.226,0.254,-18.36158192090395
cora,BI token-alvo,4,1,"[2, 3, 4, 10]",0.212,0.253,-18.23204419889503
cora,BI token-alvo,4,2,"[2, 3, 4, 10]",0.224,0.258,-17.428571428571427
cora,BI token-alvo,5,0,"[2, 3, 4, 7, 10]",0.104,0.117,-57.06214689265537
cora,BI token-alvo,5,1,"[2, 3, 4, 7, 10]",0.112,0.114,-56.62983425414364
cora,BI token-alvo,5,2,"[2, 3, 4, 7, 10]",0.116,0.121,-56.57142857142857
cora,BI token-alvo,6,0,"[2, 3, 4, 5, 7, 10]",0.118,0.128,-53.954802259887
cora,BI token-alvo,6,1,"[2, 3, 4, 5, 7, 10]",0.13,0.14,-49.44751381215469
cora,BI token-alvo,6,2,"[2, 3, 4, 5, 7, 10]",0.118,0.131,-53.71428571428571
cora,BI token-alvo,7,0,"[2, 3, 4, 5, 7, 8, 10]",0.104,0.106,-60.16949152542372
cora,BI token-alvo,7,1,"[2, 3, 4, 5, 7, 8, 10]",0.094,0.111,-57.458563535911594
cora,BI token-alvo,7,2,"[2, 3, 4, 5, 7, 8, 10]",0.104,0.113,-58.857142857142854
cora,BI token-alvo,8,0,"[2, 3, 4, 5, 7, 8, 9, 10]",0.122,0.13,-53.38983050847457
cora,BI token-alvo,8,1,"[2, 3, 4, 5, 7, 8, 9, 10]",0.122,0.13,-52.20994475138121
cora,BI token-alvo,8,2,"[2, 3, 4, 5, 7, 8, 9, 10]",0.122,0.13,-53.99999999999999
cora,BI token-alvo,9,0,"[2, 3, 4, 5, 6, 7, 8, 9, 10]",0.122,0.13,-53.38983050847457
cora,BI token-alvo,9,1,"[2, 3, 4, 5, 6, 7, 8, 9, 10]",0.122,0.13,-52.20994475138121
cora,BI token-alvo,9,2,"[2, 3, 4, 5, 6, 7, 8, 9, 10]",0.122,0.13,-53.99999999999999
cora,BI token-alvo,10,0,"[2, 3, 4, 5, 6, 7, 8, 9, 10, 11]",0.072,0.091,-64.40677966101694
cora,BI token-alvo,10,1,"[2, 3, 4, 5, 6, 7, 8, 9, 10, 11]",0.072,0.091,-62.98342541436463
cora,BI token-alvo,10,2,"[2, 3, 4, 5, 6, 7, 8, 9, 10, 11]",0.072,0.091,-65.14285714285714
cora,BI token-alvo,11,0,"[1, 2, 3, 4, 5, 6, 7, 8, 9, 10, 11]",0.072,0.091,-64.40677966101694
cora,BI token-alvo,11,1,"[1, 2, 3, 4, 5, 6, 7, 8, 9, 10, 11]",0.072,0.091,-62.98342541436463
cora,BI token-alvo,11,2,"[1, 2, 3, 4, 5, 6, 7, 8, 9, 10, 11]",0.072,0.091,-65.14285714285714
cora,Ablação individual (val),1,0,[4],0.618,0.645,92.09039548022598
cora,Ablação individual (val),1,1,[4],0.624,0.653,92.26519337016573
cora,Ablação individual (val),1,2,[4],0.616,0.652,95.14285714285715
cora,Ablação individual (val),2,0,"[2, 4]",0.544,0.544,63.55932203389831
cora,Ablação individual (val),2,1,"[2, 4]",0.548,0.554,64.9171270718232
cora,Ablação individual (val),2,2,"[2, 4]",0.534,0.546,64.85714285714286
cora,Ablação individual (val),3,0,"[1, 2, 4]",0.444,0.472,43.22033898305084
cora,Ablação individual (val),3,1,"[1, 2, 4]",0.432,0.471,41.98895027624308
cora,Ablação individual (val),3,2,"[1, 2, 4]",0.448,0.474,44.28571428571427
cora,Ablação individual (val),4,0,"[1, 2, 4, 5]",0.106,0.119,-56.497175141242934
cora,Ablação individual (val),4,1,"[1, 2, 4, 5]",0.102,0.118,-55.52486187845304
cora,Ablação individual (val),4,2,"[1, 2, 4, 5]",0.098,0.118,-57.42857142857143
cora,Ablação individual (val),5,0,"[1, 2, 3, 4, 5]",0.144,0.144,-49.435028248587564
cora,Ablação individual (val),5,1,"[1, 2, 3, 4, 5]",0.144,0.146,-47.79005524861878
cora,Ablação individual (val),5,2,"[1, 2, 3, 4, 5]",0.146,0.144,-49.99999999999999
cora,Ablação individual (val),6,0,"[1, 2, 3, 4, 5, 11]",0.156,0.144,-49.435028248587564
cora,Ablação individual (val),6,1,"[1, 2, 3, 4, 5, 11]",0.156,0.144,-48.34254143646408
cora,Ablação individual (val),6,2,"[1, 2, 3, 4, 5, 11]",0.156,0.144,-49.99999999999999
cora,Ablação individual (val),7,0,"[1, 2, 3, 4, 5, 10, 11]",0.128,0.129,-53.67231638418079
cora,Ablação individual (val),7,1,"[1, 2, 3, 4, 5, 10, 11]",0.128,0.13,-52.20994475138121
cora,Ablação individual (val),7,2,"[1, 2, 3, 4, 5, 10, 11]",0.128,0.13,-53.99999999999999
cora,Ablação individual (val),8,0,"[1, 2, 3, 4, 5, 7, 10, 11]",0.11,0.126,-54.51977401129943
cora,Ablação individual (val),8,1,"[1, 2, 3, 4, 5, 7, 10, 11]",0.112,0.14,-49.44751381215469
cora,Ablação individual (val),8,2,"[1, 2, 3, 4, 5, 7, 10, 11]",0.122,0.144,-49.99999999999999
cora,Ablação individual (val),9,0,"[1, 2, 3, 4, 5, 6, 7, 10, 11]",0.072,0.091,-64.40677966101694
cora,Ablação individual (val),9,1,"[1, 2, 3, 4, 5, 6, 7, 10, 11]",0.072,0.091,-62.98342541436463
cora,Ablação individual (val),9,2,"[1, 2, 3, 4, 5, 6, 7, 10, 11]",0.072,0.091,-65.14285714285714
cora,Ablação individual (val),10,0,"[0, 1, 2, 3, 4, 5, 6, 7, 10, 11]",0.316,0.319,0.0
cora,Ablação individual (val),10,1,"[0, 1, 2, 3, 4, 5, 6, 7, 10, 11]",0.316,0.319,0.0
cora,Ablação individual (val),10,2,"[0, 1, 2, 3, 4, 5, 6, 7, 10, 11]",0.316,0.319,0.0
cora,Ablação individual (val),11,0,"[0, 1, 2, 3, 4, 5, 6, 7, 9, 10, 11]",0.316,0.319,0.0
cora,Ablação individual (val),11,1,"[0, 1, 2, 3, 4, 5, 6, 7, 9, 10, 11]",0.316,0.319,0.0
cora,Ablação individual (val),11,2,"[0, 1, 2, 3, 4, 5, 6, 7, 9, 10, 11]",0.316,0.319,0.0
cora,Aleatória 0,1,0,[9],0.28,0.274,-12.711864406779654
cora,Aleatória 0,2,0,"[2, 9]",0.286,0.28,-11.016949152542365
cora,Aleatória 0,3,0,"[2, 7, 9]",0.188,0.186,-37.570621468926554
cora,Aleatória 0,4,0,"[2, 4, 7, 9]",0.166,0.155,-46.32768361581921
cora,Aleatória 0,5,0,"[2, 4, 5, 7, 9]",0.122,0.13,-53.38983050847457
cora,Aleatória 0,6,0,"[2, 4, 5, 7, 9, 11]",0.122,0.13,-53.38983050847457
cora,Aleatória 0,7,0,"[0, 2, 4, 5, 7, 9, 11]",0.122,0.13,-53.38983050847457
cora,Aleatória 0,8,0,"[0, 2, 3, 4, 5, 7, 9, 11]",0.122,0.13,-53.38983050847457
cora,Aleatória 0,9,0,"[0, 2, 3, 4, 5, 6, 7, 9, 11]",0.122,0.13,-53.38983050847457
cora,Aleatória 0,10,0,"[0, 2, 3, 4, 5, 6, 7, 9, 10, 11]",0.072,0.091,-64.40677966101694
cora,Aleatória 0,11,0,"[0, 2, 3, 4, 5, 6, 7, 8, 9, 10, 11]",0.072,0.091,-64.40677966101694
cora,Aleatória 1,1,0,[10],0.468,0.514,55.08474576271186
cora,Aleatória 1,2,0,"[9, 10]",0.072,0.091,-64.40677966101694
cora,Aleatória 1,3,0,"[5, 9, 10]",0.072,0.091,-64.40677966101694
cora,Aleatória 1,4,0,"[4, 5, 9, 10]",0.072,0.091,-64.40677966101694
cora,Aleatória 1,5,0,"[2, 4, 5, 9, 10]",0.072,0.091,-64.40677966101694
cora,Aleatória 1,6,0,"[2, 4, 5, 7, 9, 10]",0.072,0.091,-64.40677966101694
cora,Aleatória 1,7,0,"[2, 4, 5, 6, 7, 9, 10]",0.072,0.091,-64.40677966101694
cora,Aleatória 1,8,0,"[1, 2, 4, 5, 6, 7, 9, 10]",0.072,0.091,-64.40677966101694
cora,Aleatória 1,9,0,"[1, 2, 3, 4, 5, 6, 7, 9, 10]",0.072,0.091,-64.40677966101694
cora,Aleatória 1,10,0,"[1, 2, 3, 4, 5, 6, 7, 9, 10, 11]",0.072,0.091,-64.40677966101694
cora,Aleatória 1,11,0,"[1, 2, 3, 4, 5, 6, 7, 8, 9, 10, 11]",0.072,0.091,-64.40677966101694
cora,Aleatória 2,1,0,[4],0.618,0.645,92.09039548022598
cora,Aleatória 2,2,0,"[4, 5]",0.318,0.29,-8.192090395480232
cora,Aleatória 2,3,0,"[4, 5, 7]",0.204,0.196,-34.74576271186441
cora,Aleatória 2,4,0,"[4, 5, 6, 7]",0.06,0.063,-72.31638418079096
cora,Aleatória 2,5,0,"[2, 4, 5, 6, 7]",0.122,0.134,-52.25988700564971
cora,Aleatória 2,6,0,"[2, 3, 4, 5, 6, 7]",0.122,0.13,-53.38983050847457
cora,Aleatória 2,7,0,"[2, 3, 4, 5, 6, 7, 10]",0.072,0.091,-64.40677966101694
cora,Aleatória 2,8,0,"[2, 3, 4, 5, 6, 7, 9, 10]",0.072,0.091,-64.40677966101694
cora,Aleatória 2,9,0,"[2, 3, 4, 5, 6, 7, 9, 10, 11]",0.072,0.091,-64.40677966101694
cora,Aleatória 2,10,0,"[2, 3, 4, 5, 6, 7, 8, 9, 10, 11]",0.072,0.091,-64.40677966101694
cora,Aleatória 2,11,0,"[1, 2, 3, 4, 5, 6, 7, 8, 9, 10, 11]",0.072,0.091,-64.40677966101694
cora,Aleatória 3,1,0,[1],0.588,0.584,74.85875706214688
cora,Aleatória 3,2,0,"[1, 2]",0.572,0.592,77.1186440677966
cora,Aleatória 3,3,0,"[1, 2, 5]",0.316,0.335,4.519774011299439
cora,Aleatória 3,4,0,"[1, 2, 5, 8]",0.058,0.064,-72.03389830508473
cora,Aleatória 3,5,0,"[0, 1, 2, 5, 8]",0.06,0.065,-71.75141242937852
cora,Aleatória 3,6,0,"[0, 1, 2, 4, 5, 8]",0.308,0.308,-3.107344632768364
cora,Aleatória 3,7,0,"[0, 1, 2, 4, 5, 7, 8]",0.078,0.09,-64.68926553672317
cora,Aleatória 3,8,0,"[0, 1, 2, 4, 5, 7, 8, 9]",0.072,0.091,-64.40677966101694
cora,Aleatória 3,9,0,"[0, 1, 2, 4, 5, 7, 8, 9, 11]",0.072,0.091,-64.40677966101694
cora,Aleatória 3,10,0,"[0, 1, 2, 4, 5, 6, 7, 8, 9, 11]",0.124,0.13,-53.38983050847457
cora,Aleatória 3,11,0,"[0, 1, 2, 4, 5, 6, 7, 8, 9, 10, 11]",0.122,0.13,-53.38983050847457
cora,Aleatória 4,1,0,[7],0.452,0.457,38.983050847457626
cora,Aleatória 4,2,0,"[6, 7]",0.086,0.09,-64.68926553672317
cora,Aleatória 4,3,0,"[4, 6, 7]",0.144,0.126,-54.51977401129943
cora,Aleatória 4,4,0,"[2, 4, 6, 7]",0.178,0.176,-40.3954802259887
cora,Aleatória 4,5,0,"[2, 3, 4, 6, 7]",0.122,0.136,-51.69491525423729
cora,Aleatória 4,6,0,"[2, 3, 4, 6, 7, 10]",0.072,0.091,-64.40677966101694
cora,Aleatória 4,7,0,"[0, 2, 3, 4, 6, 7, 10]",0.122,0.129,-53.67231638418079
cora,Aleatória 4,8,0,"[0, 2, 3, 4, 6, 7, 10, 11]",0.084,0.108,-59.604519774011294
cora,Aleatória 4,9,0,"[0, 2, 3, 4, 6, 7, 8, 10, 11]",0.072,0.091,-64.40677966101694
cora,Aleatória 4,10,0,"[0, 1, 2, 3, 4, 6, 7, 8, 10, 11]",0.122,0.13,-53.38983050847457
cora,Aleatória 4,11,0,"[0, 1, 2, 3, 4, 6, 7, 8, 9, 10, 11]",0.162,0.15,-47.740112994350284
pubmed,BI todos os tokens,1,0,[1],0.442,0.431,6.000000000000005
pubmed,BI todos os tokens,1,1,[1],0.444,0.434,7.191780821917815
pubmed,BI todos os tokens,1,2,[1],0.458,0.439,8.360128617363351
pubmed,BI todos os tokens,2,0,"[1, 2]",0.61,0.606,64.33333333333334
pubmed,BI todos os tokens,2,1,"[1, 2]",0.628,0.637,76.7123287671233
pubmed,BI todos os tokens,2,2,"[1, 2]",0.622,0.637,72.02572347266882
pubmed,BI todos os tokens,3,0,"[1, 2, 4]",0.626,0.623,70.00000000000001
pubmed,BI todos os tokens,3,1,"[1, 2, 4]",0.642,0.64,77.73972602739728
pubmed,BI todos os tokens,3,2,"[1, 2, 4]",0.646,0.623,67.52411575562702
pubmed,BI todos os tokens,4,0,"[0, 1, 2, 4]",0.388,0.413,0.0
pubmed,BI todos os tokens,4,1,"[0, 1, 2, 4]",0.388,0.413,0.0
pubmed,BI todos os tokens,4,2,"[0, 1, 2, 4]",0.388,0.413,0.0
pubmed,BI todos os tokens,5,0,"[0, 1, 2, 3, 4]",0.416,0.406,-2.333333333333317
pubmed,BI todos os tokens,5,1,"[0, 1, 2, 3, 4]",0.416,0.406,-2.397260273972586
pubmed,BI todos os tokens,5,2,"[0, 1, 2, 3, 4]",0.416,0.406,-2.2508038585208845
pubmed,BI todos os tokens,6,0,"[0, 1, 2, 3, 4, 7]",0.196,0.18,-77.66666666666666
pubmed,BI todos os tokens,6,1,"[0, 1, 2, 3, 4, 7]",0.196,0.18,-79.7945205479452
pubmed,BI todos os tokens,6,2,"[0, 1, 2, 3, 4, 7]",0.196,0.18,-74.91961414790995
pubmed,BI todos os tokens,7,0,"[0, 1, 2, 3, 4, 7, 10]",0.388,0.413,0.0
pubmed,BI todos os tokens,7,1,"[0, 1, 2, 3, 4, 7, 10]",0.388,0.413,0.0
pubmed,BI todos os tokens,7,2,"[0, 1, 2, 3, 4, 7, 10]",0.388,0.413,0.0
pubmed,BI todos os tokens,8,0,"[0, 1, 2, 3, 4, 5, 7, 10]",0.388,0.413,0.0
pubmed,BI todos os tokens,8,1,"[0, 1, 2, 3, 4, 5, 7, 10]",0.388,0.413,0.0
pubmed,BI todos os tokens,8,2,"[0, 1, 2, 3, 4, 5, 7, 10]",0.388,0.413,0.0
pubmed,BI todos os tokens,9,0,"[0, 1, 2, 3, 4, 5, 6, 7, 10]",0.416,0.406,-2.333333333333317
pubmed,BI todos os tokens,9,1,"[0, 1, 2, 3, 4, 5, 6, 7, 10]",0.416,0.405,-2.7397260273972437
pubmed,BI todos os tokens,9,2,"[0, 1, 2, 3, 4, 5, 6, 7, 10]",0.416,0.406,-2.2508038585208845
pubmed,BI todos os tokens,10,0,"[0, 1, 2, 3, 4, 5, 6, 7, 8, 10]",0.416,0.407,-2.0000000000000018
pubmed,BI todos os tokens,10,1,"[0, 1, 2, 3, 4, 5, 6, 7, 8, 10]",0.416,0.407,-2.054794520547947
pubmed,BI todos os tokens,10,2,"[0, 1, 2, 3, 4, 5, 6, 7, 8, 10]",0.416,0.407,-1.9292604501607735
pubmed,BI todos os tokens,11,0,"[0, 1, 2, 3, 4, 5, 6, 7, 8, 9, 10]",0.196,0.18,-77.66666666666666
pubmed,BI todos os tokens,11,1,"[0, 1, 2, 3, 4, 5, 6, 7, 8, 9, 10]",0.196,0.18,-79.7945205479452
pubmed,BI todos os tokens,11,2,"[0, 1, 2, 3, 4, 5, 6, 7, 8, 9, 10]",0.196,0.18,-74.91961414790995
pubmed,BI token-alvo,1,0,[2],0.682,0.666,84.33333333333336
pubmed,BI token-alvo,1,1,[2],0.678,0.665,86.30136986301373
pubmed,BI token-alvo,1,2,[2],0.676,0.665,81.02893890675243
pubmed,BI token-alvo,2,0,"[2, 3]",0.684,0.682,89.66666666666669
pubmed,BI token-alvo,2,1,"[2, 3]",0.688,0.683,92.46575342465756
pubmed,BI token-alvo,2,2,"[2, 3]",0.682,0.692,89.71061093247587
pubmed,BI token-alvo,3,0,"[2, 3, 4]",0.58,0.575,54.0
pubmed,BI token-alvo,3,1,"[2, 3, 4]",0.598,0.606,66.09589041095892
pubmed,BI token-alvo,3,2,"[2, 3, 4]",0.57,0.584,54.983922829581985
pubmed,BI token-alvo,4,0,"[2, 3, 4, 10]",0.532,0.565,50.66666666666666
pubmed,BI token-alvo,4,1,"[2, 3, 4, 10]",0.54,0.563,51.36986301369862
pubmed,BI token-alvo,4,2,"[2, 3, 4, 10]",0.552,0.565,48.874598070739545
pubmed,BI token-alvo,5,0,"[2, 3, 4, 7, 10]",0.42,0.444,10.333333333333343
pubmed,BI token-alvo,5,1,"[2, 3, 4, 7, 10]",0.428,0.439,8.904109589041104
pubmed,BI token-alvo,5,2,"[2, 3, 4, 7, 10]",0.422,0.447,10.932475884244383
pubmed,BI token-alvo,6,0,"[2, 3, 4, 5, 7, 10]",0.388,0.407,-2.0000000000000018
pubmed,BI token-alvo,6,1,"[2, 3, 4, 5, 7, 10]",0.39,0.406,-2.397260273972586
pubmed,BI token-alvo,6,2,"[2, 3, 4, 5, 7, 10]",0.386,0.401,-3.858520900321529
pubmed,BI token-alvo,7,0,"[2, 3, 4, 5, 7, 8, 10]",0.196,0.18,-77.66666666666666
pubmed,BI token-alvo,7,1,"[2, 3, 4, 5, 7, 8, 10]",0.196,0.18,-79.7945205479452
pubmed,BI token-alvo,7,2,"[2, 3, 4, 5, 7, 8, 10]",0.196,0.18,-74.91961414790995
pubmed,BI token-alvo,8,0,"[2, 3, 4, 5, 7, 8, 10, 11]",0.388,0.413,0.0
pubmed,BI token-alvo,8,1,"[2, 3, 4, 5, 7, 8, 10, 11]",0.388,0.414,0.34246575342465785
pubmed,BI token-alvo,8,2,"[2, 3, 4, 5, 7, 8, 10, 11]",0.388,0.413,0.0
pubmed,BI token-alvo,9,0,"[2, 3, 4, 5, 7, 8, 9, 10, 11]",0.388,0.413,0.0
pubmed,BI token-alvo,9,1,"[2, 3, 4, 5, 7, 8, 9, 10, 11]",0.388,0.413,0.0
pubmed,BI token-alvo,9,2,"[2, 3, 4, 5, 7, 8, 9, 10, 11]",0.388,0.413,0.0
pubmed,BI token-alvo,10,0,"[2, 3, 4, 5, 6, 7, 8, 9, 10, 11]",0.388,0.413,0.0
pubmed,BI token-alvo,10,1,"[2, 3, 4, 5, 6, 7, 8, 9, 10, 11]",0.388,0.413,0.0
pubmed,BI token-alvo,10,2,"[2, 3, 4, 5, 6, 7, 8, 9, 10, 11]",0.388,0.413,0.0
pubmed,BI token-alvo,11,0,"[1, 2, 3, 4, 5, 6, 7, 8, 9, 10, 11]",0.388,0.413,0.0
pubmed,BI token-alvo,11,1,"[1, 2, 3, 4, 5, 6, 7, 8, 9, 10, 11]",0.388,0.413,0.0
pubmed,BI token-alvo,11,2,"[1, 2, 3, 4, 5, 6, 7, 8, 9, 10, 11]",0.388,0.413,0.0
pubmed,Ablação individual (val),1,0,[5],0.702,0.691,92.66666666666666
pubmed,Ablação individual (val),1,1,[5],0.682,0.676,90.06849315068496
pubmed,Ablação individual (val),1,2,[5],0.708,0.706,94.21221864951768
pubmed,Ablação individual (val),2,0,"[4, 5]",0.552,0.526,37.666666666666686
pubmed,Ablação individual (val),2,1,"[4, 5]",0.546,0.54,43.49315068493153
pubmed,Ablação individual (val),2,2,"[4, 5]",0.556,0.532,38.263665594855325
pubmed,Ablação individual (val),3,0,"[4, 5, 10]",0.534,0.569,51.99999999999999
pubmed,Ablação individual (val),3,1,"[4, 5, 10]",0.536,0.595,62.328767123287676
pubmed,Ablação individual (val),3,2,"[4, 5, 10]",0.532,0.579,53.376205787781345
pubmed,Ablação individual (val),4,0,"[3, 4, 5, 10]",0.396,0.414,0.33333333333333365
pubmed,Ablação individual (val),4,1,"[3, 4, 5, 10]",0.382,0.407,-2.054794520547947
pubmed,Ablação individual (val),4,2,"[3, 4, 5, 10]",0.382,0.406,-2.2508038585208845
pubmed,Ablação individual (val),5,0,"[2, 3, 4, 5, 10]",0.388,0.413,0.0
pubmed,Ablação individual (val),5,1,"[2, 3, 4, 5, 10]",0.388,0.414,0.34246575342465785
pubmed,Ablação individual (val),5,2,"[2, 3, 4, 5, 10]",0.388,0.413,0.0
pubmed,Ablação individual (val),6,0,"[2, 3, 4, 5, 6, 10]",0.362,0.356,-19.0
pubmed,Ablação individual (val),6,1,"[2, 3, 4, 5, 6, 10]",0.39,0.385,-9.589041095890401
pubmed,Ablação individual (val),6,2,"[2, 3, 4, 5, 6, 10]",0.4,0.397,-5.144694533762045
pubmed,Ablação individual (val),7,0,"[2, 3, 4, 5, 6, 10, 11]",0.388,0.413,0.0
pubmed,Ablação individual (val),7,1,"[2, 3, 4, 5, 6, 10, 11]",0.388,0.413,0.0
pubmed,Ablação individual (val),7,2,"[2, 3, 4, 5, 6, 10, 11]",0.388,0.413,0.0
pubmed,Ablação individual (val),8,0,"[2, 3, 4, 5, 6, 7, 10, 11]",0.196,0.18,-77.66666666666666
pubmed,Ablação individual (val),8,1,"[2, 3, 4, 5, 6, 7, 10, 11]",0.196,0.18,-79.7945205479452
pubmed,Ablação individual (val),8,2,"[2, 3, 4, 5, 6, 7, 10, 11]",0.196,0.18,-74.91961414790995
pubmed,Ablação individual (val),9,0,"[2, 3, 4, 5, 6, 7, 9, 10, 11]",0.388,0.413,0.0
pubmed,Ablação individual (val),9,1,"[2, 3, 4, 5, 6, 7, 9, 10, 11]",0.388,0.413,0.0
pubmed,Ablação individual (val),9,2,"[2, 3, 4, 5, 6, 7, 9, 10, 11]",0.388,0.413,0.0
pubmed,Ablação individual (val),10,0,"[2, 3, 4, 5, 6, 7, 8, 9, 10, 11]",0.388,0.413,0.0
pubmed,Ablação individual (val),10,1,"[2, 3, 4, 5, 6, 7, 8, 9, 10, 11]",0.388,0.413,0.0
pubmed,Ablação individual (val),10,2,"[2, 3, 4, 5, 6, 7, 8, 9, 10, 11]",0.388,0.413,0.0
pubmed,Ablação individual (val),11,0,"[1, 2, 3, 4, 5, 6, 7, 8, 9, 10, 11]",0.388,0.413,0.0
pubmed,Ablação individual (val),11,1,"[1, 2, 3, 4, 5, 6, 7, 8, 9, 10, 11]",0.388,0.413,0.0
pubmed,Ablação individual (val),11,2,"[1, 2, 3, 4, 5, 6, 7, 8, 9, 10, 11]",0.388,0.413,0.0
pubmed,Aleatória 0,1,0,[9],0.544,0.523,36.66666666666668
pubmed,Aleatória 0,2,0,"[2, 9]",0.494,0.475,20.666666666666668
pubmed,Aleatória 0,3,0,"[2, 7, 9]",0.39,0.347,-22.000000000000004
pubmed,Aleatória 0,4,0,"[2, 4, 7, 9]",0.408,0.399,-4.666666666666653
pubmed,Aleatória 0,5,0,"[2, 4, 5, 7, 9]",0.196,0.18,-77.66666666666666
pubmed,Aleatória 0,6,0,"[2, 4, 5, 7, 9, 11]",0.196,0.18,-77.66666666666666
pubmed,Aleatória 0,7,0,"[0, 2, 4, 5, 7, 9, 11]",0.196,0.18,-77.66666666666666
pubmed,Aleatória 0,8,0,"[0, 2, 3, 4, 5, 7, 9, 11]",0.196,0.18,-77.66666666666666
pubmed,Aleatória 0,9,0,"[0, 2, 3, 4, 5, 6, 7, 9, 11]",0.196,0.18,-77.66666666666666
pubmed,Aleatória 0,10,0,"[0, 2, 3, 4, 5, 6, 7, 9, 10, 11]",0.388,0.413,0.0
pubmed,Aleatória 0,11,0,"[0, 2, 3, 4, 5, 6, 7, 8, 9, 10, 11]",0.388,0.413,0.0
pubmed,Aleatória 1,1,0,[10],0.692,0.685,90.66666666666669
pubmed,Aleatória 1,2,0,"[9, 10]",0.388,0.413,0.0
pubmed,Aleatória 1,3,0,"[5, 9, 10]",0.388,0.413,0.0
pubmed,Aleatória 1,4,0,"[4, 5, 9, 10]",0.388,0.413,0.0
pubmed,Aleatória 1,5,0,"[2, 4, 5, 9, 10]",0.388,0.413,0.0
pubmed,Aleatória 1,6,0,"[2, 4, 5, 7, 9, 10]",0.388,0.413,0.0
pubmed,Aleatória 1,7,0,"[2, 4, 5, 6, 7, 9, 10]",0.388,0.413,0.0
pubmed,Aleatória 1,8,0,"[1, 2, 4, 5, 6, 7, 9, 10]",0.388,0.413,0.0
pubmed,Aleatória 1,9,0,"[1, 2, 3, 4, 5, 6, 7, 9, 10]",0.388,0.413,0.0
pubmed,Aleatória 1,10,0,"[1, 2, 3, 4, 5, 6, 7, 9, 10, 11]",0.388,0.413,0.0
pubmed,Aleatória 1,11,0,"[1, 2, 3, 4, 5, 6, 7, 8, 9, 10, 11]",0.388,0.413,0.0
pubmed,Aleatória 2,1,0,[4],0.69,0.686,91.00000000000003
pubmed,Aleatória 2,2,0,"[4, 5]",0.552,0.526,37.666666666666686
pubmed,Aleatória 2,3,0,"[4, 5, 7]",0.376,0.348,-21.666666666666668
pubmed,Aleatória 2,4,0,"[4, 5, 6, 7]",0.196,0.182,-77.0
pubmed,Aleatória 2,5,0,"[2, 4, 5, 6, 7]",0.208,0.188,-74.99999999999999
pubmed,Aleatória 2,6,0,"[2, 3, 4, 5, 6, 7]",0.196,0.18,-77.66666666666666
pubmed,Aleatória 2,7,0,"[2, 3, 4, 5, 6, 7, 10]",0.388,0.413,0.0
pubmed,Aleatória 2,8,0,"[2, 3, 4, 5, 6, 7, 9, 10]",0.388,0.413,0.0
pubmed,Aleatória 2,9,0,"[2, 3, 4, 5, 6, 7, 9, 10, 11]",0.388,0.413,0.0
pubmed,Aleatória 2,10,0,"[2, 3, 4, 5, 6, 7, 8, 9, 10, 11]",0.388,0.413,0.0
pubmed,Aleatória 2,11,0,"[1, 2, 3, 4, 5, 6, 7, 8, 9, 10, 11]",0.388,0.413,0.0
pubmed,Aleatória 3,1,0,[1],0.442,0.431,6.000000000000005
pubmed,Aleatória 3,2,0,"[1, 2]",0.61,0.606,64.33333333333334
pubmed,Aleatória 3,3,0,"[1, 2, 5]",0.55,0.58,55.666666666666664
pubmed,Aleatória 3,4,0,"[1, 2, 5, 8]",0.416,0.406,-2.333333333333317
pubmed,Aleatória 3,5,0,"[0, 1, 2, 5, 8]",0.416,0.407,-2.0000000000000018
pubmed,Aleatória 3,6,0,"[0, 1, 2, 4, 5, 8]",0.388,0.414,0.33333333333333365
pubmed,Aleatória 3,7,0,"[0, 1, 2, 4, 5, 7, 8]",0.22,0.199,-71.33333333333333
pubmed,Aleatória 3,8,0,"[0, 1, 2, 4, 5, 7, 8, 9]",0.388,0.413,0.0
pubmed,Aleatória 3,9,0,"[0, 1, 2, 4, 5, 7, 8, 9, 11]",0.388,0.413,0.0
pubmed,Aleatória 3,10,0,"[0, 1, 2, 4, 5, 6, 7, 8, 9, 11]",0.196,0.18,-77.66666666666666
pubmed,Aleatória 3,11,0,"[0, 1, 2, 4, 5, 6, 7, 8, 9, 10, 11]",0.196,0.18,-77.66666666666666
pubmed,Aleatória 4,1,0,[7],0.604,0.581,55.99999999999999
pubmed,Aleatória 4,2,0,"[6, 7]",0.358,0.401,-3.9999999999999853
pubmed,Aleatória 4,3,0,"[4, 6, 7]",0.37,0.381,-10.666666666666659
pubmed,Aleatória 4,4,0,"[2, 4, 6, 7]",0.202,0.189,-74.66666666666667
pubmed,Aleatória 4,5,0,"[2, 3, 4, 6, 7]",0.196,0.18,-77.66666666666666
pubmed,Aleatória 4,6,0,"[2, 3, 4, 6, 7, 10]",0.388,0.413,0.0
pubmed,Aleatória 4,7,0,"[0, 2, 3, 4, 6, 7, 10]",0.196,0.18,-77.66666666666666
pubmed,Aleatória 4,8,0,"[0, 2, 3, 4, 6, 7, 10, 11]",0.196,0.183,-76.66666666666667
pubmed,Aleatória 4,9,0,"[0, 2, 3, 4, 6, 7, 8, 10, 11]",0.204,0.183,-76.66666666666667
pubmed,Aleatória 4,10,0,"[0, 1, 2, 3, 4, 6, 7, 8, 10, 11]",0.196,0.18,-77.66666666666666
pubmed,Aleatória 4,11,0,"[0, 1, 2, 3, 4, 6, 7, 8, 9, 10, 11]",0.414,0.407,-2.0000000000000018
city-roads-M,BI todos os tokens,1,0,[1],0.6092618703842163,0.6016532778739929,93.89042834642417
city-roads-M,BI todos os tokens,1,1,[1],0.6097654104232788,0.6005311608314514,93.87715682849831
city-roads-M,BI todos os tokens,1,2,[1],0.610316276550293,0.6010674834251404,93.80830554066127
city-roads-M,BI todos os tokens,2,0,"[1, 2]",0.5965964794158936,0.5787597298622131,90.31779755017742
city-roads-M,BI todos os tokens,2,1,"[1, 2]",0.5958623886108398,0.5775160789489746,90.27935775956972
city-roads-M,BI todos os tokens,2,2,"[1, 2]",0.5967521667480469,0.5788116455078125,90.33484789907493
city-roads-M,BI todos os tokens,3,0,"[1, 2, 3]",0.5627268552780151,0.5566576719284058,86.86868198302635
city-roads-M,BI todos os tokens,3,1,"[1, 2, 3]",0.561214804649353,0.5561800003051758,86.94402642026684
city-roads-M,BI todos os tokens,3,2,"[1, 2, 3]",0.5611648559570312,0.5562247633934021,86.80972435300409
city-roads-M,BI todos os tokens,4,0,"[1, 2, 3, 4]",0.5144250988960266,0.5032742023468018,78.53797556130412
city-roads-M,BI todos os tokens,4,1,"[1, 2, 3, 4]",0.5103260278701782,0.49889445304870605,77.98894689307588
city-roads-M,BI todos os tokens,4,2,"[1, 2, 3, 4]",0.512435793876648,0.5005084872245789,78.1141126246019
city-roads-M,BI todos os tokens,5,0,"[0, 1, 2, 3, 4]",-0.37092459201812744,-0.36309492588043213,-56.662432292884105
city-roads-M,BI todos os tokens,5,1,"[0, 1, 2, 3, 4]",-0.36975419521331787,-0.3606712818145752,-56.381411481735576
city-roads-M,BI todos os tokens,5,2,"[0, 1, 2, 3, 4]",-0.36967384815216064,-0.36096954345703125,-56.336338526466825
city-roads-M,BI todos os tokens,6,0,"[0, 1, 2, 3, 4, 7]",-0.1891103982925415,-0.17734694480895996,-27.67570829644883
city-roads-M,BI todos os tokens,6,1,"[0, 1, 2, 3, 4, 7]",-0.1988537311553955,-0.18890094757080078,-29.529664798082287
city-roads-M,BI todos os tokens,6,2,"[0, 1, 2, 3, 4, 7]",-0.18729889392852783,-0.1735895872116089,-27.09204121811719
city-roads-M,BI todos os tokens,7,0,"[0, 1, 2, 3, 4, 7, 10]",-1.0030066967010498,-0.9735034704208374,-151.91915542706607
city-roads-M,BI todos os tokens,7,1,"[0, 1, 2, 3, 4, 7, 10]",-1.0038256645202637,-0.9746361970901489,-152.3585803579024
city-roads-M,BI todos os tokens,7,2,"[0, 1, 2, 3, 4, 7, 10]",-0.9975022077560425,-0.96831214427948,-151.1239985428615
city-roads-M,BI todos os tokens,8,0,"[0, 1, 2, 3, 4, 5, 7, 10]",-1.1713380813598633,-1.1376616954803467,-177.536710644066
city-roads-M,BI todos os tokens,8,1,"[0, 1, 2, 3, 4, 5, 7, 10]",-1.1881251335144043,-1.152461051940918,-180.15679113470495
city-roads-M,BI todos os tokens,8,2,"[0, 1, 2, 3, 4, 5, 7, 10]",-1.1659212112426758,-1.1316757202148438,-176.62007122713314
city-roads-M,BI todos os tokens,9,0,"[0, 1, 2, 3, 4, 5, 6, 7, 10]",-0.08762693405151367,-0.08669555187225342,-13.529191646355965
city-roads-M,BI todos os tokens,9,1,"[0, 1, 2, 3, 4, 5, 6, 7, 10]",-0.08363962173461914,-0.0834660530090332,-13.047708860496478
city-roads-M,BI todos os tokens,9,2,"[0, 1, 2, 3, 4, 5, 6, 7, 10]",-0.08063256740570068,-0.07962203025817871,-12.426570972803678
city-roads-M,BI todos os tokens,10,0,"[0, 1, 2, 3, 4, 5, 6, 7, 8, 10]",-0.033937811851501465,-0.031075000762939453,-4.849379600835316
city-roads-M,BI todos os tokens,10,1,"[0, 1, 2, 3, 4, 5, 6, 7, 8, 10]",-0.03161025047302246,-0.029851794242858887,-4.666538145779025
city-roads-M,BI todos os tokens,10,2,"[0, 1, 2, 3, 4, 5, 6, 7, 8, 10]",-0.03527843952178955,-0.030679941177368164,-4.788203280496559
city-roads-M,BI todos os tokens,11,0,"[0, 1, 2, 3, 4, 5, 6, 7, 8, 9, 10]",-0.11363816261291504,-0.11032938957214355,-17.217347643699817
city-roads-M,BI todos os tokens,11,1,"[0, 1, 2, 3, 4, 5, 6, 7, 8, 9, 10]",-0.11353719234466553,-0.10921025276184082,-17.072133295478995
city-roads-M,BI todos os tokens,11,2,"[0, 1, 2, 3, 4, 5, 6, 7, 8, 9, 10]",-0.11629152297973633,-0.11548411846160889,-18.023549382520812
city-roads-M,BI token-alvo,1,0,[2],0.6069461107254028,0.6008521318435669,93.7654062668794
city-roads-M,BI token-alvo,1,1,[2],0.6117920875549316,0.6019672751426697,94.10165530120243
city-roads-M,BI token-alvo,1,2,[2],0.6076792478561401,0.6012911796569824,93.84321770118167
city-roads-M,BI token-alvo,2,0,"[2, 3]",0.590395450592041,0.5834838151931763,91.055010180077
city-roads-M,BI token-alvo,2,1,"[2, 3]",0.5907922387123108,0.5826007127761841,91.07420571808623
city-roads-M,BI token-alvo,2,2,"[2, 3]",0.5898717641830444,0.5823056697845459,90.88015854381406
city-roads-M,BI token-alvo,3,0,"[1, 2, 3]",0.5627268552780151,0.5566576719284058,86.86868198302635
city-roads-M,BI token-alvo,3,1,"[1, 2, 3]",0.561214804649353,0.5561800003051758,86.94402642026684
city-roads-M,BI token-alvo,3,2,"[1, 2, 3]",0.5611648559570312,0.5562247633934021,86.80972435300409
city-roads-M,BI token-alvo,4,0,"[1, 2, 3, 4]",0.5144250988960266,0.5032742023468018,78.53797556130412
city-roads-M,BI token-alvo,4,1,"[1, 2, 3, 4]",0.5103260278701782,0.49889445304870605,77.98894689307588
city-roads-M,BI token-alvo,4,2,"[1, 2, 3, 4]",0.512435793876648,0.5005084872245789,78.1141126246019
city-roads-M,BI token-alvo,5,0,"[1, 2, 3, 4, 10]",0.4731980562210083,0.4677776098251343,72.99858867642814
city-roads-M,BI token-alvo,5,1,"[1, 2, 3, 4, 10]",0.4705354571342468,0.4644848704338074,72.60991913526625
city-roads-M,BI token-alvo,5,2,"[1, 2, 3, 4, 10]",0.4699810743331909,0.46469300985336304,72.52440874446829
city-roads-M,BI token-alvo,6,0,"[1, 2, 3, 4, 7, 10]",0.3502686023712158,0.3406379222869873,53.157926019409906
city-roads-M,BI token-alvo,6,1,"[1, 2, 3, 4, 7, 10]",0.3523353934288025,0.34227150678634644,53.505093517580974
city-roads-M,BI token-alvo,6,2,"[1, 2, 3, 4, 7, 10]",0.3532959222793579,0.34262174367904663,53.47280646886148
city-roads-M,BI token-alvo,7,0,"[1, 2, 3, 4, 5, 7, 10]",-0.023473739624023438,-0.030627965927124023,-4.779618005969918
city-roads-M,BI token-alvo,7,1,"[1, 2, 3, 4, 5, 7, 10]",-0.024949312210083008,-0.03126966953277588,-4.888185430110617
city-roads-M,BI token-alvo,7,2,"[1, 2, 3, 4, 5, 7, 10]",-0.02352440357208252,-0.029876708984375,-4.662843228492044
city-roads-M,BI token-alvo,8,0,"[1, 2, 3, 4, 5, 7, 8, 10]",-9.461638450622559,-9.239683151245117,-1441.889940201291
city-roads-M,BI token-alvo,8,1,"[1, 2, 3, 4, 5, 7, 8, 10]",-9.591306686401367,-9.346609115600586,-1461.0950221884884
city-roads-M,BI token-alvo,8,2,"[1, 2, 3, 4, 5, 7, 8, 10]",-9.89439868927002,-9.66891098022461,-1509.0221655474559
city-roads-M,BI token-alvo,9,0,"[1, 2, 3, 4, 5, 7, 8, 9, 10]",-0.37334299087524414,-0.3530205488204956,-55.090284990997496
city-roads-M,BI token-alvo,9,1,"[1, 2, 3, 4, 5, 7, 8, 9, 10]",-0.35250020027160645,-0.33606481552124023,-52.53484156850022
city-roads-M,BI token-alvo,9,2,"[1, 2, 3, 4, 5, 7, 8, 9, 10]",-0.35711121559143066,-0.3415795564651489,-53.310152824657045
city-roads-M,BI token-alvo,10,0,"[1, 2, 3, 4, 5, 6, 7, 8, 9, 10]",-0.1398690938949585,-0.14240360260009766,-22.22265836137827
city-roads-M,BI token-alvo,10,1,"[1, 2, 3, 4, 5, 6, 7, 8, 9, 10]",-0.13843941688537598,-0.14044666290283203,-21.955119499733843
city-roads-M,BI token-alvo,10,2,"[1, 2, 3, 4, 5, 6, 7, 8, 9, 10]",-0.14138555526733398,-0.14381194114685059,-22.444658690607
city-roads-M,BI token-alvo,11,0,"[1, 2, 3, 4, 5, 6, 7, 8, 9, 10, 11]",-0.31057631969451904,-0.29703474044799805,-46.35347307169883
city-roads-M,BI token-alvo,11,1,"[1, 2, 3, 4, 5, 6, 7, 8, 9, 10, 11]",-0.30949223041534424,-0.2960468530654907,-46.27909202135931
city-roads-M,BI token-alvo,11,2,"[1, 2, 3, 4, 5, 6, 7, 8, 9, 10, 11]",-0.30995404720306396,-0.2964216470718384,-46.262380188869855
city-roads-M,Ablação individual (val),1,0,[4],0.6205806732177734,0.6088672280311584,95.01619445663205
city-roads-M,Ablação individual (val),1,1,[4],0.6181742548942566,0.6071511507034302,94.91201707880471
city-roads-M,Ablação individual (val),1,2,[4],0.619304895401001,0.6083076000213623,94.93826696518904
city-roads-M,Ablação individual (val),2,0,"[3, 4]",0.5706986784934998,0.5664507150650024,88.39692598787767
city-roads-M,Ablação individual (val),2,1,"[3, 4]",0.5709286332130432,0.566470205783844,88.55262776608366
city-roads-M,Ablação individual (val),2,2,"[3, 4]",0.5689781904220581,0.5645843148231506,88.11439541961384
city-roads-M,Ablação individual (val),3,0,"[3, 4, 10]",0.5181702375411987,0.516937255859375,80.67015034367817
city-roads-M,Ablação individual (val),3,1,"[3, 4, 10]",0.5157326459884644,0.5135548114776611,80.28070601760078
city-roads-M,Ablação individual (val),3,2,"[3, 4, 10]",0.511059045791626,0.512810468673706,80.03407679893907
city-roads-M,Ablação individual (val),4,0,"[1, 3, 4, 10]",0.476601243019104,0.4691753387451172,73.21670992970729
city-roads-M,Ablação individual (val),4,1,"[1, 3, 4, 10]",0.4726901054382324,0.4682159423828125,73.19317350962747
city-roads-M,Ablação individual (val),4,2,"[1, 3, 4, 10]",0.47448837757110596,0.46949952840805054,73.27455972351578
city-roads-M,Ablação individual (val),5,0,"[1, 2, 3, 4, 10]",0.4731980562210083,0.4677776098251343,72.99858867642814
city-roads-M,Ablação individual (val),5,1,"[1, 2, 3, 4, 10]",0.4705354571342468,0.4644848704338074,72.60991913526625
city-roads-M,Ablação individual (val),5,2,"[1, 2, 3, 4, 10]",0.4699810743331909,0.46469300985336304,72.52440874446829
city-roads-M,Ablação individual (val),6,0,"[1, 2, 3, 4, 6, 10]",0.18877100944519043,0.1774005889892578,27.684079687832675
city-roads-M,Ablação individual (val),6,1,"[1, 2, 3, 4, 6, 10]",0.1796320676803589,0.1766950488090515,27.621595497060433
city-roads-M,Ablação individual (val),6,2,"[1, 2, 3, 4, 6, 10]",0.18738526105880737,0.18173187971115112,28.36280479069634
city-roads-M,Ablação individual (val),7,0,"[1, 2, 3, 4, 6, 7, 10]",0.010741770267486572,0.006631374359130859,1.034852799779293
city-roads-M,Ablação individual (val),7,1,"[1, 2, 3, 4, 6, 7, 10]",0.010143816471099854,0.0065361857414245605,1.0217596919672987
city-roads-M,Ablação individual (val),7,2,"[1, 2, 3, 4, 6, 7, 10]",0.011297523975372314,0.006997585296630859,1.092109684277974
city-roads-M,Ablação individual (val),8,0,"[1, 2, 3, 4, 5, 6, 7, 10]",-0.05940449237823486,-0.06396281719207764,-9.981656421168793
city-roads-M,Ablação individual (val),8,1,"[1, 2, 3, 4, 5, 6, 7, 10]",-0.05963170528411865,-0.06447374820709229,-10.078764544671273
city-roads-M,Ablação individual (val),8,2,"[1, 2, 3, 4, 5, 6, 7, 10]",-0.0596691370010376,-0.06423115730285645,-10.024525025312014
city-roads-M,Ablação individual (val),9,0,"[1, 2, 3, 4, 5, 6, 7, 9, 10]",-0.016337156295776367,-0.018405675888061523,-2.8722801930740505
city-roads-M,Ablação individual (val),9,1,"[1, 2, 3, 4, 5, 6, 7, 9, 10]",-0.016112565994262695,-0.018288254737854004,-2.8588847176023706
city-roads-M,Ablação individual (val),9,2,"[1, 2, 3, 4, 5, 6, 7, 9, 10]",-0.01631784439086914,-0.01831638813018799,-2.8586296572338408
city-roads-M,Ablação individual (val),10,0,"[1, 2, 3, 4, 5, 6, 7, 8, 9, 10]",-0.1398690938949585,-0.14240360260009766,-22.22265836137827
city-roads-M,Ablação individual (val),10,1,"[1, 2, 3, 4, 5, 6, 7, 8, 9, 10]",-0.13843941688537598,-0.14044666290283203,-21.955119499733843
city-roads-M,Ablação individual (val),10,2,"[1, 2, 3, 4, 5, 6, 7, 8, 9, 10]",-0.14138555526733398,-0.14381194114685059,-22.444658690607
city-roads-M,Ablação individual (val),11,0,"[1, 2, 3, 4, 5, 6, 7, 8, 9, 10, 11]",-0.31057631969451904,-0.29703474044799805,-46.35347307169883
city-roads-M,Ablação individual (val),11,1,"[1, 2, 3, 4, 5, 6, 7, 8, 9, 10, 11]",-0.30949223041534424,-0.2960468530654907,-46.27909202135931
city-roads-M,Ablação individual (val),11,2,"[1, 2, 3, 4, 5, 6, 7, 8, 9, 10, 11]",-0.30995404720306396,-0.2964216470718384,-46.262380188869855
city-roads-M,Aleatória 0,1,0,[9],0.4703329801559448,0.4649556875228882,72.55821628345383
city-roads-M,Aleatória 0,2,0,"[2, 9]",0.4552040100097656,0.4509966969490051,70.37985932527887
city-roads-M,Aleatória 0,3,0,"[2, 7, 9]",0.4385652542114258,0.4340493083000183,67.73515075620173
city-roads-M,Aleatória 0,4,0,"[2, 4, 7, 9]",0.23633593320846558,0.2318861484527588,36.186771694763074
city-roads-M,Aleatória 0,5,0,"[2, 4, 5, 7, 9]",0.037306249141693115,0.03379952907562256,5.2745532676749605
city-roads-M,Aleatória 0,6,0,"[2, 4, 5, 7, 9, 11]",-0.1789606809616089,-0.19110774993896484,-29.82313761423345
city-roads-M,Aleatória 0,7,0,"[0, 2, 4, 5, 7, 9, 11]",-2.4172914028167725,-2.354123830795288,-367.37054875679723
city-roads-M,Aleatória 0,8,0,"[0, 2, 3, 4, 5, 7, 9, 11]",-19.663345336914062,-19.29103660583496,-3010.444315318316
city-roads-M,Aleatória 0,9,0,"[0, 2, 3, 4, 5, 6, 7, 9, 11]",-52.89842224121094,-51.802268981933594,-8083.953670487711
city-roads-M,Aleatória 0,10,0,"[0, 2, 3, 4, 5, 6, 7, 9, 10, 11]",-0.22353386878967285,-0.2009040117263794,-31.351883902567796
city-roads-M,Aleatória 0,11,0,"[0, 2, 3, 4, 5, 6, 7, 8, 9, 10, 11]",-2.2122116088867188,-2.1484580039978027,-335.2755643457232
city-roads-M,Aleatória 1,1,0,[10],0.6113330125808716,0.6044622659683228,94.32878230392039
city-roads-M,Aleatória 1,2,0,"[9, 10]",0.4957430362701416,0.49314624071121216,76.95746616957965
city-roads-M,Aleatória 1,3,0,"[5, 9, 10]",0.32869577407836914,0.32148683071136475,50.1693206922843
city-roads-M,Aleatória 1,4,0,"[4, 5, 9, 10]",0.08599275350570679,0.08069181442260742,12.59228412576769
city-roads-M,Aleatória 1,5,0,"[2, 4, 5, 9, 10]",0.08521384000778198,0.07984089851379395,12.459495255327901
city-roads-M,Aleatória 1,6,0,"[2, 4, 5, 7, 9, 10]",0.038118600845336914,0.0375635027885437,5.861936594895628
city-roads-M,Aleatória 1,7,0,"[2, 4, 5, 6, 7, 9, 10]",-0.010680794715881348,-0.013431072235107422,-2.0959731654119036
city-roads-M,Aleatória 1,8,0,"[1, 2, 4, 5, 6, 7, 9, 10]",-0.004598379135131836,-0.006842255592346191,-1.0677616694637966
city-roads-M,Aleatória 1,9,0,"[1, 2, 3, 4, 5, 6, 7, 9, 10]",-0.016337156295776367,-0.018405675888061523,-2.8722801930740505
city-roads-M,Aleatória 1,10,0,"[1, 2, 3, 4, 5, 6, 7, 9, 10, 11]",-2.1273910999298096,-2.0694215297698975,-322.9416027549691
city-roads-M,Aleatória 1,11,0,"[1, 2, 3, 4, 5, 6, 7, 8, 9, 10, 11]",-0.31057631969451904,-0.29703474044799805,-46.35347307169883
city-roads-M,Aleatória 2,1,0,[4],0.6205806732177734,0.6088672280311584,95.01619445663205
city-roads-M,Aleatória 2,2,0,"[4, 5]",0.5564767718315125,0.5513821840286255,86.04542075124681
city-roads-M,Aleatória 2,3,0,"[4, 5, 7]",0.3846263885498047,0.3721446394920349,58.07467671779323
city-roads-M,Aleatória 2,4,0,"[4, 5, 6, 7]",0.052006542682647705,0.0426676869392395,6.6584651835227575
city-roads-M,Aleatória 2,5,0,"[2, 4, 5, 6, 7]",-0.04640781879425049,-0.05832409858703613,-9.101711568174611
city-roads-M,Aleatória 2,6,0,"[2, 3, 4, 5, 6, 7]",-0.0029717683792114258,-0.005638718605041504,-0.8799448529941816
city-roads-M,Aleatória 2,7,0,"[2, 3, 4, 5, 6, 7, 10]",-0.03171396255493164,-0.033303260803222656,-5.197108595828387
city-roads-M,Aleatória 2,8,0,"[2, 3, 4, 5, 6, 7, 9, 10]",-0.045937418937683105,-0.04841053485870361,-7.554659837347586
city-roads-M,Aleatória 2,9,0,"[2, 3, 4, 5, 6, 7, 9, 10, 11]",-0.6615091562271118,-0.6392408609390259,-99.75612276589655
city-roads-M,Aleatória 2,10,0,"[2, 3, 4, 5, 6, 7, 8, 9, 10, 11]",-0.008632540702819824,-0.012053847312927246,-1.881051643950586
city-roads-M,Aleatória 2,11,0,"[1, 2, 3, 4, 5, 6, 7, 8, 9, 10, 11]",-0.31057631969451904,-0.29703474044799805,-46.35347307169883
city-roads-M,Aleatória 3,1,0,[1],0.6092618703842163,0.6016532778739929,93.89042834642417
city-roads-M,Aleatória 3,2,0,"[1, 2]",0.5965964794158936,0.5787597298622131,90.31779755017742
city-roads-M,Aleatória 3,3,0,"[1, 2, 5]",0.38869744539260864,0.37884485721588135,59.1202728031818
city-roads-M,Aleatória 3,4,0,"[1, 2, 5, 8]",0.08557546138763428,0.06697589159011841,10.451858872107556
city-roads-M,Aleatória 3,5,0,"[0, 1, 2, 5, 8]",0.0026644468307495117,-0.0012154579162597656,-0.18967712566602557
city-roads-M,Aleatória 3,6,0,"[0, 1, 2, 4, 5, 8]",-0.5971142053604126,-0.5770517587661743,-90.0512617500617
city-roads-M,Aleatória 3,7,0,"[0, 1, 2, 4, 5, 7, 8]",-0.7115529775619507,-0.70551598072052,-110.0986233618931
city-roads-M,Aleatória 3,8,0,"[0, 1, 2, 4, 5, 7, 8, 9]",0.0018412470817565918,0.0008740425109863281,0.13639787028082576
city-roads-M,Aleatória 3,9,0,"[0, 1, 2, 4, 5, 7, 8, 9, 11]",-2.576831102371216,-2.4338507652282715,-379.8122594562074
city-roads-M,Aleatória 3,10,0,"[0, 1, 2, 4, 5, 6, 7, 8, 9, 11]",-8.072198867797852,-7.652083396911621,-1194.1385749901333
city-roads-M,Aleatória 3,11,0,"[0, 1, 2, 4, 5, 6, 7, 8, 9, 10, 11]",-0.8626655340194702,-0.8296178579330444,-129.46522342639003
city-roads-M,Aleatória 4,1,0,[7],0.5646540522575378,0.5586007237434387,87.1719030804953
city-roads-M,Aleatória 4,2,0,"[6, 7]",0.4540671706199646,0.452975869178772,70.68871715961295
city-roads-M,Aleatória 4,3,0,"[4, 6, 7]",0.13495230674743652,0.12080740928649902,18.852485014976885
city-roads-M,Aleatória 4,4,0,"[2, 4, 6, 7]",0.010070741176605225,-0.010320901870727539,-1.610618496068376
city-roads-M,Aleatória 4,5,0,"[2, 3, 4, 6, 7]",0.036202073097229004,0.025687098503112793,4.008575653333613
city-roads-M,Aleatória 4,6,0,"[2, 3, 4, 6, 7, 10]",0.04292219877243042,0.041219890117645264,6.43253063161869
city-roads-M,Aleatória 4,7,0,"[0, 2, 3, 4, 6, 7, 10]",-2.2717299461364746,-2.1953108310699463,-342.58713758037584
city-roads-M,Aleatória 4,8,0,"[0, 2, 3, 4, 6, 7, 10, 11]",-0.4184633493423462,-0.38915979862213135,-60.729961144651966
city-roads-M,Aleatória 4,9,0,"[0, 2, 3, 4, 6, 7, 8, 10, 11]",-0.6252832412719727,-0.5510280132293701,-85.99015096502144
city-roads-M,Aleatória 4,10,0,"[0, 1, 2, 3, 4, 6, 7, 8, 10, 11]",-0.037220120429992676,-0.015075922012329102,-2.352658628332639
city-roads-M,Aleatória 4,11,0,"[0, 1, 2, 3, 4, 6, 7, 8, 9, 10, 11]",-26.913314819335938,-26.448596954345703,-4127.4105677282305
artnet-views,BI todos os tokens,1,0,[1],0.5990291237831116,0.5948573350906372,95.74649754734774
artnet-views,BI todos os tokens,1,1,[1],0.6005000472068787,0.59531170129776,95.94511966971051
artnet-views,BI todos os tokens,1,2,[1],0.5992256999015808,0.5949656963348389,95.8080404568286
artnet-views,BI todos os tokens,2,0,"[1, 2]",0.5201352834701538,0.5128185749053955,82.54177855423514
artnet-views,BI todos os tokens,2,1,"[1, 2]",0.5223225355148315,0.5137374997138977,82.79797924585705
artnet-views,BI todos os tokens,2,2,"[1, 2]",0.5204861164093018,0.5122348070144653,82.48578601449022
artnet-views,BI todos os tokens,3,0,"[1, 2, 3]",0.5321123600006104,0.5260907411575317,84.67802763203213
artnet-views,BI todos os tokens,3,1,"[1, 2, 3]",0.5346789360046387,0.5272628664970398,84.97783381911063
artnet-views,BI todos os tokens,3,2,"[1, 2, 3]",0.5341451168060303,0.5269806385040283,84.86032496459221
artnet-views,BI todos os tokens,4,0,"[1, 2, 3, 4]",0.38020676374435425,0.3923987150192261,63.159349963207816
artnet-views,BI todos os tokens,4,1,"[1, 2, 3, 4]",0.3802533745765686,0.3911583423614502,63.042157387233175
artnet-views,BI todos os tokens,4,2,"[1, 2, 3, 4]",0.38079833984375,0.3916693925857544,63.07099256599631
artnet-views,BI todos os tokens,5,0,"[0, 1, 2, 3, 4]",-0.3644394874572754,-0.36442089080810547,-58.65612117339719
artnet-views,BI todos os tokens,5,1,"[0, 1, 2, 3, 4]",-0.37541496753692627,-0.3750746250152588,-60.44997889964406
artnet-views,BI todos os tokens,5,2,"[0, 1, 2, 3, 4]",-0.37333643436431885,-0.37331604957580566,-60.11553170422317
artnet-views,BI todos os tokens,6,0,"[0, 1, 2, 3, 4, 7]",-0.22821152210235596,-0.2361738681793213,-38.01385535060024
artnet-views,BI todos os tokens,6,1,"[0, 1, 2, 3, 4, 7]",-0.21110868453979492,-0.21815121173858643,-35.15896642166302
artnet-views,BI todos os tokens,6,2,"[0, 1, 2, 3, 4, 7]",-0.23077261447906494,-0.23639023303985596,-38.06620306044606
artnet-views,BI todos os tokens,7,0,"[0, 1, 2, 3, 4, 7, 10]",-0.990744948387146,-0.9951266050338745,-160.17266902098257
artnet-views,BI todos os tokens,7,1,"[0, 1, 2, 3, 4, 7, 10]",-1.000788688659668,-1.0060067176818848,-162.1359612218398
artnet-views,BI todos os tokens,7,2,"[0, 1, 2, 3, 4, 7, 10]",-0.996585488319397,-1.0001797676086426,-161.06014889507355
artnet-views,BI todos os tokens,8,0,"[0, 1, 2, 3, 4, 5, 7, 10]",-1.7687513828277588,-1.7647180557250977,-284.04385896745885
artnet-views,BI todos os tokens,8,1,"[0, 1, 2, 3, 4, 5, 7, 10]",-1.7677812576293945,-1.7671096324920654,-284.8012978568129
artnet-views,BI todos os tokens,8,2,"[0, 1, 2, 3, 4, 5, 7, 10]",-1.7584199905395508,-1.7564647197723389,-282.8456228142482
artnet-views,BI todos os tokens,9,0,"[0, 1, 2, 3, 4, 5, 6, 7, 10]",-0.07995855808258057,-0.07975447177886963,-12.837046609506869
artnet-views,BI todos os tokens,9,1,"[0, 1, 2, 3, 4, 5, 6, 7, 10]",-0.07574892044067383,-0.07456827163696289,-12.018009607698609
artnet-views,BI todos os tokens,9,2,"[0, 1, 2, 3, 4, 5, 6, 7, 10]",-0.08243858814239502,-0.08165287971496582,-13.148661261212146
artnet-views,BI todos os tokens,10,0,"[0, 1, 2, 3, 4, 5, 6, 7, 8, 10]",-0.08035433292388916,-0.0786510705947876,-12.65944638079093
artnet-views,BI todos os tokens,10,1,"[0, 1, 2, 3, 4, 5, 6, 7, 8, 10]",-0.07936263084411621,-0.07645487785339355,-12.32206991561875
artnet-views,BI todos os tokens,10,2,"[0, 1, 2, 3, 4, 5, 6, 7, 8, 10]",-0.07806766033172607,-0.07502377033233643,-12.0811678177477
artnet-views,BI todos os tokens,11,0,"[0, 1, 2, 3, 4, 5, 6, 7, 8, 9, 10]",-0.2717818021774292,-0.26898932456970215,-43.29573527281379
artnet-views,BI todos os tokens,11,1,"[0, 1, 2, 3, 4, 5, 6, 7, 8, 9, 10]",-0.2747828960418701,-0.2748532295227051,-44.29750992744609
artnet-views,BI todos os tokens,11,2,"[0, 1, 2, 3, 4, 5, 6, 7, 8, 9, 10]",-0.27417445182800293,-0.27286064624786377,-43.9390774894007
artnet-views,BI token-alvo,1,0,[2],0.5832001566886902,0.5788091421127319,93.16342732368774
artnet-views,BI token-alvo,1,1,[2],0.5831565260887146,0.576659083366394,92.93891694317756
artnet-views,BI token-alvo,1,2,[2],0.5836083889007568,0.5782943367958069,93.12343141293677
artnet-views,BI token-alvo,2,0,"[2, 3]",0.5445119142532349,0.5376449823379517,86.53776451276502
artnet-views,BI token-alvo,2,1,"[2, 3]",0.5474560260772705,0.5395969152450562,86.96568620057855
artnet-views,BI token-alvo,2,2,"[2, 3]",0.5447715520858765,0.5379790663719177,86.63141500998405
artnet-views,BI token-alvo,3,0,"[1, 2, 3]",0.5321123600006104,0.5260907411575317,84.67802763203213
artnet-views,BI token-alvo,3,1,"[1, 2, 3]",0.5346789360046387,0.5272628664970398,84.97783381911063
artnet-views,BI token-alvo,3,2,"[1, 2, 3]",0.5341451168060303,0.5269806385040283,84.86032496459221
artnet-views,BI token-alvo,4,0,"[1, 2, 3, 4]",0.38020676374435425,0.3923987150192261,63.159349963207816
artnet-views,BI token-alvo,4,1,"[1, 2, 3, 4]",0.3802533745765686,0.3911583423614502,63.042157387233175
artnet-views,BI token-alvo,4,2,"[1, 2, 3, 4]",0.38079833984375,0.3916693925857544,63.07099256599631
artnet-views,BI token-alvo,5,0,"[1, 2, 3, 4, 10]",0.3226046562194824,0.3271339535713196,52.65452476684693
artnet-views,BI token-alvo,5,1,"[1, 2, 3, 4, 10]",0.3253323435783386,0.32826608419418335,52.90594601594251
artnet-views,BI token-alvo,5,2,"[1, 2, 3, 4, 10]",0.32334816455841064,0.32658278942108154,52.590018708826086
artnet-views,BI token-alvo,6,0,"[1, 2, 3, 4, 7, 10]",0.20726138353347778,0.2058722972869873,33.13660308862455
artnet-views,BI token-alvo,6,1,"[1, 2, 3, 4, 7, 10]",0.20654690265655518,0.20505636930465698,33.04849854132322
artnet-views,BI token-alvo,6,2,"[1, 2, 3, 4, 7, 10]",0.20821762084960938,0.20593476295471191,33.16192214471563
artnet-views,BI token-alvo,7,0,"[1, 2, 3, 4, 7, 8, 10]",-0.7387362718582153,-0.7238513231277466,-116.50899273846083
artnet-views,BI token-alvo,7,1,"[1, 2, 3, 4, 7, 8, 10]",-0.59583580493927,-0.5849059820175171,-94.26805204376616
artnet-views,BI token-alvo,7,2,"[1, 2, 3, 4, 7, 8, 10]",-0.7524610757827759,-0.7489137649536133,-120.5984827921416
artnet-views,BI token-alvo,8,0,"[1, 2, 3, 4, 5, 7, 8, 10]",-2.955690860748291,-2.9539403915405273,-475.45760936200344
artnet-views,BI token-alvo,8,1,"[1, 2, 3, 4, 5, 7, 8, 10]",-2.9406378269195557,-2.9413561820983887,-474.05211466105374
artnet-views,BI token-alvo,8,2,"[1, 2, 3, 4, 5, 7, 8, 10]",-2.8981645107269287,-2.897205114364624,-466.54041824381216
artnet-views,BI token-alvo,9,0,"[1, 2, 3, 4, 5, 7, 8, 9, 10]",-0.16309690475463867,-0.16216588020324707,-26.101745973726448
artnet-views,BI token-alvo,9,1,"[1, 2, 3, 4, 5, 7, 8, 9, 10]",-0.1584111452102661,-0.15820229053497314,-25.497126403380207
artnet-views,BI token-alvo,9,2,"[1, 2, 3, 4, 5, 7, 8, 9, 10]",-0.1611170768737793,-0.1605900526046753,-25.8600089916008
artnet-views,BI token-alvo,10,0,"[1, 2, 3, 4, 5, 6, 7, 8, 9, 10]",-0.20304501056671143,-0.203826904296875,-32.807382612791784
artnet-views,BI token-alvo,10,1,"[1, 2, 3, 4, 5, 6, 7, 8, 9, 10]",-0.20265936851501465,-0.2039581537246704,-32.871501474046944
artnet-views,BI token-alvo,10,2,"[1, 2, 3, 4, 5, 6, 7, 8, 9, 10]",-0.20012009143829346,-0.20145940780639648,-32.44125033161807
artnet-views,BI token-alvo,11,0,"[1, 2, 3, 4, 5, 6, 7, 8, 9, 10, 11]",-0.4497833251953125,-0.4499272108078003,-72.41896845657995
artnet-views,BI token-alvo,11,1,"[1, 2, 3, 4, 5, 6, 7, 8, 9, 10, 11]",-0.44907140731811523,-0.4492361545562744,-72.40243474956284
artnet-views,BI token-alvo,11,2,"[1, 2, 3, 4, 5, 6, 7, 8, 9, 10, 11]",-0.4505906105041504,-0.45060431957244873,-72.56135462190166
artnet-views,Ablação individual (val),1,0,[1],0.5990291237831116,0.5948573350906372,95.74649754734774
artnet-views,Ablação individual (val),1,1,[1],0.6005000472068787,0.59531170129776,95.94511966971051
artnet-views,Ablação individual (val),1,2,[1],0.5992256999015808,0.5949656963348389,95.8080404568286
artnet-views,Ablação individual (val),2,0,"[1, 3]",0.5678008794784546,0.5646763443946838,90.88865352125647
artnet-views,Ablação individual (val),2,1,"[1, 3]",0.5696957111358643,0.5648201704025269,91.03086454205503
artnet-views,Ablação individual (val),2,2,"[1, 3]",0.5682381391525269,0.5642368793487549,90.85974216143187
artnet-views,Ablação individual (val),3,0,"[1, 3, 5]",0.4653080701828003,0.4716678857803345,75.91828393970879
artnet-views,Ablação individual (val),3,1,"[1, 3, 5]",0.46659207344055176,0.4722440242767334,76.11056413600407
artnet-views,Ablação individual (val),3,2,"[1, 3, 5]",0.46763551235198975,0.47315871715545654,76.19331634578579
artnet-views,Ablação individual (val),4,0,"[1, 2, 3, 5]",0.37758010625839233,0.3864089846611023,62.19526047617814
artnet-views,Ablação individual (val),4,1,"[1, 2, 3, 5]",0.37954914569854736,0.38810020685195923,62.54928419696214
artnet-views,Ablação individual (val),4,2,"[1, 2, 3, 5]",0.377834677696228,0.3866269588470459,62.25900340659581
artnet-views,Ablação individual (val),5,0,"[1, 2, 3, 5, 7]",0.1478859782218933,0.1509224772453308,24.292040704529516
artnet-views,Ablação individual (val),5,1,"[1, 2, 3, 5, 7]",0.14749300479888916,0.15119004249572754,24.36697731373112
artnet-views,Ablação individual (val),5,2,"[1, 2, 3, 5, 7]",0.14733821153640747,0.1512266993522644,24.352216974775526
artnet-views,Ablação individual (val),6,0,"[1, 2, 3, 4, 5, 7]",0.1469593048095703,0.15198254585266113,24.46266624837745
artnet-views,Ablação individual (val),6,1,"[1, 2, 3, 4, 5, 7]",0.14539790153503418,0.15099549293518066,24.33562217519165
artnet-views,Ablação individual (val),6,2,"[1, 2, 3, 4, 5, 7]",0.14462637901306152,0.15051132440567017,24.237019288173894
artnet-views,Ablação individual (val),7,0,"[1, 2, 3, 4, 5, 7, 10]",-0.23071074485778809,-0.229225754737854,-36.89550732437849
artnet-views,Ablação individual (val),7,1,"[1, 2, 3, 4, 5, 7, 10]",-0.22529220581054688,-0.22395598888397217,-36.09450999766854
artnet-views,Ablação individual (val),7,2,"[1, 2, 3, 4, 5, 7, 10]",-0.2276003360748291,-0.2266918420791626,-36.504459519175875
artnet-views,Ablação individual (val),8,0,"[1, 2, 3, 4, 5, 6, 7, 10]",-0.11588466167449951,-0.11504149436950684,-18.51674260150949
artnet-views,Ablação individual (val),8,1,"[1, 2, 3, 4, 5, 6, 7, 10]",-0.11563551425933838,-0.11446046829223633,-18.44735002488526
artnet-views,Ablação individual (val),8,2,"[1, 2, 3, 4, 5, 6, 7, 10]",-0.11727643013000488,-0.11595737934112549,-18.672756025466732
artnet-views,Ablação individual (val),9,0,"[1, 2, 3, 4, 5, 6, 7, 10, 11]",-0.5492781400680542,-0.5472078323364258,-88.0769728908294
artnet-views,Ablação individual (val),9,1,"[1, 2, 3, 4, 5, 6, 7, 10, 11]",-0.5454860925674438,-0.5439817905426025,-87.67238721828527
artnet-views,Ablação individual (val),9,2,"[1, 2, 3, 4, 5, 6, 7, 10, 11]",-0.5488086938858032,-0.5470913648605347,-88.09877937675384
artnet-views,Ablação individual (val),10,0,"[1, 2, 3, 4, 5, 6, 7, 9, 10, 11]",-2.2433688640594482,-2.247793197631836,-361.7982215033276
artnet-views,Ablação individual (val),10,1,"[1, 2, 3, 4, 5, 6, 7, 9, 10, 11]",-2.2480897903442383,-2.2515225410461426,-362.87309516812894
artnet-views,Ablação individual (val),10,2,"[1, 2, 3, 4, 5, 6, 7, 9, 10, 11]",-2.246453285217285,-2.2499852180480957,-362.3178212222511
artnet-views,Ablação individual (val),11,0,"[1, 2, 3, 4, 5, 6, 7, 8, 9, 10, 11]",-0.4497833251953125,-0.4499272108078003,-72.41896845657995
artnet-views,Ablação individual (val),11,1,"[1, 2, 3, 4, 5, 6, 7, 8, 9, 10, 11]",-0.44907140731811523,-0.4492361545562744,-72.40243474956284
artnet-views,Ablação individual (val),11,2,"[1, 2, 3, 4, 5, 6, 7, 8, 9, 10, 11]",-0.4505906105041504,-0.45060431957244873,-72.56135462190166
artnet-views,Aleatória 0,1,0,[9],0.42050182819366455,0.4194222688674927,67.50898218529252
artnet-views,Aleatória 0,2,0,"[2, 9]",0.399162232875824,0.3964078426361084,63.80464742344396
artnet-views,Aleatória 0,3,0,"[2, 7, 9]",0.3088846802711487,0.3095282316207886,49.82075923330273
artnet-views,Aleatória 0,4,0,"[2, 4, 7, 9]",0.07712113857269287,0.07758313417434692,12.48755445674688
artnet-views,Aleatória 0,5,0,"[2, 4, 5, 7, 9]",-0.010839343070983887,-0.009421825408935547,-1.516509472427929
artnet-views,Aleatória 0,6,0,"[2, 4, 5, 7, 9, 11]",-0.7413886785507202,-0.742480993270874,-119.50756997949807
artnet-views,Aleatória 0,7,0,"[0, 2, 4, 5, 7, 9, 11]",-0.7209514379501343,-0.7073676586151123,-113.85583028970366
artnet-views,Aleatória 0,8,0,"[0, 2, 3, 4, 5, 7, 9, 11]",-21.58876609802246,-21.627138137817383,-3481.04092614605
artnet-views,Aleatória 0,9,0,"[0, 2, 3, 4, 5, 6, 7, 9, 11]",-76.85759735107422,-76.96662139892578,-12388.322362835195
artnet-views,Aleatória 0,10,0,"[0, 2, 3, 4, 5, 6, 7, 9, 10, 11]",0.03881317377090454,0.03910994529724121,6.295022454264008
artnet-views,Aleatória 0,11,0,"[0, 2, 3, 4, 5, 6, 7, 8, 9, 10, 11]",-0.5016216039657593,-0.5029792785644531,-80.95807418109813
artnet-views,Aleatória 1,1,0,[10],0.5740276575088501,0.5756629705429077,92.65702874587107
artnet-views,Aleatória 1,2,0,"[9, 10]",0.43254923820495605,0.4268772006034851,68.70890620248076
artnet-views,Aleatória 1,3,0,"[5, 9, 10]",0.30546092987060547,0.3016079068183899,48.54592690875635
artnet-views,Aleatória 1,4,0,"[4, 5, 9, 10]",0.14661341905593872,0.1455538272857666,23.427918502678107
artnet-views,Aleatória 1,5,0,"[2, 4, 5, 9, 10]",0.03415060043334961,0.034315407276153564,5.523307631571626
artnet-views,Aleatória 1,6,0,"[2, 4, 5, 7, 9, 10]",0.0475085973739624,0.04787731170654297,7.706192119469541
artnet-views,Aleatória 1,7,0,"[2, 4, 5, 6, 7, 9, 10]",0.02617281675338745,0.02647101879119873,4.260697794675639
artnet-views,Aleatória 1,8,0,"[1, 2, 4, 5, 6, 7, 9, 10]",-0.01712489128112793,-0.017494797706604004,-2.8159114915368386
artnet-views,Aleatória 1,9,0,"[1, 2, 3, 4, 5, 6, 7, 9, 10]",-0.03879547119140625,-0.03907597064971924,-6.289553994326233
artnet-views,Aleatória 1,10,0,"[1, 2, 3, 4, 5, 6, 7, 9, 10, 11]",-2.2433688640594482,-2.247793197631836,-361.7982215033276
artnet-views,Aleatória 1,11,0,"[1, 2, 3, 4, 5, 6, 7, 8, 9, 10, 11]",-0.4497833251953125,-0.4499272108078003,-72.41896845657995
artnet-views,Aleatória 2,1,0,[4],0.5761231184005737,0.576378345489502,92.772173405824
artnet-views,Aleatória 2,2,0,"[4, 5]",0.5192317366600037,0.5200162529945374,83.7002957765261
artnet-views,Aleatória 2,3,0,"[4, 5, 7]",0.4383772611618042,0.4348902702331543,69.99866646327833
artnet-views,Aleatória 2,4,0,"[4, 5, 6, 7]",0.10175049304962158,0.1038026213645935,16.707766460304256
artnet-views,Aleatória 2,5,0,"[2, 4, 5, 6, 7]",-0.049430012702941895,-0.04808199405670166,-7.739137192147291
artnet-views,Aleatória 2,6,0,"[2, 3, 4, 5, 6, 7]",-0.046408653259277344,-0.04657089710235596,-7.495915444178057
artnet-views,Aleatória 2,7,0,"[2, 3, 4, 5, 6, 7, 10]",-0.018050670623779297,-0.018349051475524902,-2.9534096807090964
artnet-views,Aleatória 2,8,0,"[2, 3, 4, 5, 6, 7, 9, 10]",-0.04615306854248047,-0.04649055004119873,-7.482983016114688
artnet-views,Aleatória 2,9,0,"[2, 3, 4, 5, 6, 7, 9, 10, 11]",-0.791789174079895,-0.7932018041610718,-127.67144341439126
artnet-views,Aleatória 2,10,0,"[2, 3, 4, 5, 6, 7, 8, 9, 10, 11]",0.027310669422149658,0.028094470500946045,4.522003835596988
artnet-views,Aleatória 2,11,0,"[1, 2, 3, 4, 5, 6, 7, 8, 9, 10, 11]",-0.4497833251953125,-0.4499272108078003,-72.41896845657995
artnet-views,Aleatória 3,1,0,[1],0.5990291237831116,0.5948573350906372,95.74649754734774
artnet-views,Aleatória 3,2,0,"[1, 2]",0.5201352834701538,0.5128185749053955,82.54177855423514
artnet-views,Aleatória 3,3,0,"[1, 2, 5]",0.4732118248939514,0.4709503650665283,75.80279390333874
artnet-views,Aleatória 3,4,0,"[1, 2, 5, 8]",0.09778594970703125,0.09533947706222534,15.34556349601522
artnet-views,Aleatória 3,5,0,"[0, 1, 2, 5, 8]",-0.12654292583465576,-0.12363457679748535,-19.899860026613172
artnet-views,Aleatória 3,6,0,"[0, 1, 2, 4, 5, 8]",-0.030379652976989746,-0.03180372714996338,-5.119034941540244
artnet-views,Aleatória 3,7,0,"[0, 1, 2, 4, 5, 7, 8]",-0.8403835296630859,-0.8379770517349243,-134.87833636017388
artnet-views,Aleatória 3,8,0,"[0, 1, 2, 4, 5, 7, 8, 9]",-1.194131851196289,-1.1894950866699219,-191.45765157467662
artnet-views,Aleatória 3,9,0,"[0, 1, 2, 4, 5, 7, 8, 9, 11]",-1.4544892311096191,-1.4584007263183594,-234.73991716722261
artnet-views,Aleatória 3,10,0,"[0, 1, 2, 4, 5, 6, 7, 8, 9, 11]",-3.2731847763061523,-3.3271355628967285,-535.5260130801724
artnet-views,Aleatória 3,11,0,"[0, 1, 2, 4, 5, 6, 7, 8, 9, 10, 11]",-0.5459882020950317,-0.5542281866073608,-89.20694858976093
artnet-views,Aleatória 4,1,0,[7],0.5771588087081909,0.5767228603363037,92.82762550835092
artnet-views,Aleatória 4,2,0,"[6, 7]",0.42265498638153076,0.4168948531150818,67.10217673486892
artnet-views,Aleatória 4,3,0,"[4, 6, 7]",0.3557592034339905,0.35748058557510376,57.5390299335822
artnet-views,Aleatória 4,4,0,"[2, 4, 6, 7]",0.1718587875366211,0.1754971742630005,28.247512090573046
artnet-views,Aleatória 4,5,0,"[2, 3, 4, 6, 7]",0.048479557037353516,0.05246853828430176,8.445182526639554
artnet-views,Aleatória 4,6,0,"[2, 3, 4, 6, 7, 10]",0.022882044315338135,0.02346968650817871,3.7776121250147505
artnet-views,Aleatória 4,7,0,"[0, 2, 3, 4, 6, 7, 10]",-3.949237823486328,-3.944613456726074,-634.913449629248
artnet-views,Aleatória 4,8,0,"[0, 2, 3, 4, 6, 7, 10, 11]",-0.020793795585632324,-0.020856738090515137,-3.357039586853055
artnet-views,Aleatória 4,9,0,"[0, 2, 3, 4, 6, 7, 8, 10, 11]",-0.426865816116333,-0.43915390968322754,-70.68492940410096
artnet-views,Aleatória 4,10,0,"[0, 1, 2, 3, 4, 6, 7, 8, 10, 11]",-0.37786245346069336,-0.3851248025894165,-61.98856228431962
artnet-views,Aleatória 4,11,0,"[0, 1, 2, 3, 4, 6, 7, 8, 9, 10, 11]",-50.51361083984375,-50.36787033081055,-8107.065154301711
